phi,label,score
0,reptile,0.9661216139793396
0,animal,0.9056540727615356
0,sketch,0.60009428833446
0,illustration,0.40680305629011043
0,ink,0.3976918724962714
0,drawing,0.38900171897987623
0,art,0.237774512300603
0,black and white,0.18936817894361135
0,bird,0.17478019799508077
1,animal,0.19191086292266846
1,sketch,0.16985537111759186
1,illustration,0.10846024751663208
1,drawing,0.09509622305631638
1,ink,0.07137167453765869
1,bird,0.047228213399648666
1,art,0.04387166351079941
1,black and white,0.03308781608939171
2,animal,0.18781517446041107
2,sketch,0.15278063714504242
2,drawing,0.11241716146469116
2,illustration,0.11226759850978851
2,ink,0.08527594059705734
2,art,0.04705393686890602
2,black and white,0.04202213138341904
3,animal,0.19075243175029755
3,illustration,0.11734512448310852
3,sketch,0.10125067085027695
3,drawing,0.09750618040561676
3,ink,0.08260907232761383
3,art,0.045325521379709244
3,black and white,0.041557036340236664
4,reptile,0.9505327939987183
4,animal,0.8816661238670349
4,crocodilian reptile,0.6511245965957642
4,sketch,0.358673084369282
4,drawing,0.3193805974361005
4,illustration,0.31268154882170607
4,ink,0.1796020932956014
4,owl,0.13748839652038256
4,art,0.13327509384457767
4,bird,0.11419088287636653
4,black and white,0.11372780422334305
5,reptile,0.8879833221435547
5,animal,0.8879833221435547
5,sketch,0.29509012412322044
5,illustration,0.2855982058750138
5,owl,0.24345063715881185
5,drawing,0.23383299925495174
5,bird,0.20955817775602018
5,ink,0.1676209601925572
5,art,0.11873801448134287
5,black and white,0.10759871862775187
6,animal,0.2747865617275238
6,illustration,0.08858674764633179
6,sketch,0.07327993959188461
6,drawing,0.07208400964736938
6,art,0.048515524715185165
6,black and white,0.047614455223083496
6,ink,0.04636315628886223
7,animal,0.13711799681186676
7,illustration,0.11739122867584229
7,sketch,0.10237668454647064
7,drawing,0.09314269572496414
7,ink,0.08971970528364182
7,art,0.06003103777766228
7,black and white,0.043141238391399384
8,animal,0.1640516072511673
8,illustration,0.11745660752058029
8,sketch,0.11384165287017822
8,drawing,0.10749045014381409
8,ink,0.0812758281826973
8,art,0.06780650466680527
8,black and white,0.03836207836866379
8,bird,0.02981681376695633
9,animal,0.1587708443403244
9,illustration,0.13499298691749573
9,sketch,0.09525028616189957
9,drawing,0.09300655871629715
9,ink,0.08559173345565796
9,art,0.08294616639614105
9,black and white,0.03800211846828461
10,illustration,0.15454089641571045
10,animal,0.13248999416828156
10,sketch,0.11514158546924591
10,drawing,0.11185935884714127
10,art,0.07543431967496872
10,ink,0.06873549520969391
10,black and white,0.042764969170093536
11,illustration,0.12211114913225174
11,animal,0.11945252120494843
11,drawing,0.11414153128862381
11,sketch,0.10258811712265015
11,art,0.09245755523443222
11,ink,0.08202104270458221
11,black and white,0.04133699834346771
11,bird,0.03456085920333862
12,animal,0.16813430190086365
12,illustration,0.10453096032142639
12,drawing,0.09180067479610443
12,sketch,0.08228260278701782
12,art,0.08041386306285858
12,owl,0.061797846108675
12,bird,0.046160802245140076
12,black and white,0.04519054666161537
12,ink,0.03566278889775276
12,fish,0.03452450782060623
12,monochrome,0.029713746160268784
13,animal,0.14797165989875793
13,illustration,0.1386984884738922
13,sketch,0.11817248910665512
13,drawing,0.0968189388513565
13,art,0.08105254918336868
13,bird,0.0456809364259243
13,ink,0.04161597788333893
13,fish,0.039437077939510345
13,black and white,0.03499176725745201
14,animal,0.16640932857990265
14,illustration,0.13945372402668
14,sketch,0.12251418083906174
14,drawing,0.10338800400495529
14,art,0.06737255305051804
14,ink,0.04690873250365257
14,fish,0.041236165910959244
14,black and white,0.03573985397815704
14,bird,0.03262276202440262
15,animal,0.8178176879882812
15,illustration,0.3908268847114252
15,sketch,0.3103875909004792
15,fish,0.2594194142435556
15,art,0.23044320811733446
15,drawing,0.22098573509577443
15,owl,0.1880306260406107
15,bird,0.18741996216453316
15,black and white,0.14333237474271865
16,animal,0.8424519896507263
16,illustration,0.4098827209379527
16,fish,0.33798738207773815
16,sketch,0.29395954673834834
16,art,0.2891874739675283
16,drawing,0.2800955590521361
16,black and white,0.18155283100776712
16,owl,0.1791866301120101
16,bird,0.15425110238807316
16,ink,0.14127351700778015
17,animal,0.23217545449733734
17,illustration,0.10739611089229584
17,drawing,0.07812406122684479
17,sketch,0.07106109708547592
17,art,0.06327379494905472
17,bird,0.05607982724905014
17,fish,0.04660549759864807
17,black and white,0.03983810171484947
17,owl,0.03506806120276451
18,linedrawing,0.15143823623657227
18,animal,0.15143823623657227
18,illustration,0.0899610071571326
18,drawing,0.07249128614961631
18,sketch,0.06645662582857921
18,art,0.05827288689098978
18,black and white,0.042172443014657064
18,ink,0.03423906433963593
18,fish,0.0330160584945762
18,bird,0.030367300152927598
18,monochrome,0.02719216616330989
19,linedrawing,0.18007297813892365
19,animal,0.18007297813892365
19,illustration,0.07781103715100224
19,art,0.049817921888069695
19,sketch,0.04753763617349933
19,drawing,0.045452745600903594
19,fish,0.04424006798753466
19,bird,0.04090023661248297
19,black and white,0.0287652238915308
19,ink,0.023559197349066363
19,owl,0.021908422815521505
20,animal,0.1806422770023346
20,illustration,0.11329256743192673
20,sketch,0.10121725499629974
20,drawing,0.08997445553541183
20,art,0.06945403665304184
20,black and white,0.0460331030189991
20,ink,0.04519559442996979
20,fish,0.04482399672269821
20,bird,0.040525589138269424
21,animal,0.21252529323101044
21,illustration,0.11311108618974686
21,sketch,0.09075990319252014
21,drawing,0.08877962082624435
21,fish,0.06259164214134216
21,art,0.0564875453710556
21,bird,0.047572772949934006
21,black and white,0.04575958102941513
21,ink,0.03414931148290634
22,animal,0.24559253454208374
22,illustration,0.09779845923185349
22,sketch,0.08158387243747711
22,drawing,0.07848366349935532
22,fish,0.062718465924263
22,bird,0.0538192018866539
22,art,0.05289458855986595
22,black and white,0.04093240201473236
22,ink,0.03273520991206169
23,animal,0.24080993235111237
23,illustration,0.10686273127794266
23,sketch,0.08061415702104568
23,drawing,0.0685238316655159
23,bird,0.058740124106407166
23,fish,0.05364025756716728
23,art,0.0451311357319355
23,black and white,0.044862158596515656
23,owl,0.0370899923145771
23,ink,0.03169822692871094
23,monochrome,0.030079273506999016
24,animal,0.30911344289779663
24,illustration,0.08892004191875458
24,fish,0.07732030004262924
24,drawing,0.06340107321739197
24,sketch,0.053814925253391266
24,bird,0.05114709585905075
24,black and white,0.04984334483742714
24,art,0.0345778651535511
25,animal,0.22863160073757172
25,illustration,0.0862649604678154
25,sketch,0.0793876051902771
25,bird,0.06485411524772644
25,drawing,0.06464792788028717
25,fish,0.05656212940812111
25,black and white,0.05597138777375221
25,art,0.05455460026860237
25,ink,0.036847926676273346
25,monochrome,0.033553265035152435
26,vegetable,0.09807085245847702
26,animal,0.09807085245847702
26,drawing,0.05178854610836382
26,illustration,0.04906421455972958
26,sketch,0.04284790513151313
26,art,0.030021287421577263
26,bird,0.02668374003659302
26,black and white,0.022013741925479405
26,ink,0.019546870395485555
26,fish,0.01641122730459045
26,monochrome,0.015732871771281853
27,animal,0.8477800488471985
27,illustration,0.2770903589984625
27,bird,0.2565224633007435
27,drawing,0.24320969484977298
27,sketch,0.2107073799501143
27,art,0.2017710111331093
27,fish,0.19074169036604602
27,black and white,0.15536380311555745
27,ink,0.1141589166138546
27,monochrome,0.10259279087419199
28,animal,0.2731848657131195
28,bird,0.0852431133389473
28,illustration,0.07423926889896393
28,drawing,0.06857960671186447
28,fish,0.05737701803445816
28,sketch,0.05665358155965805
28,black and white,0.04738163575530052
28,art,0.044660937041044235
28,monochrome,0.03475123643875122
28,ink,0.030721871182322502
29,animal,0.8724363446235657
29,rodent,0.2070734202861786
29,bird,0.05707007300279568
29,drawing,0.052166913025596326
29,illustration,0.04599786601902581
29,fish,0.040994379330873965
29,sketch,0.03678804478854358
29,black and white,0.032391053257685355
29,art,0.0256774439424528
29,owl,0.022031111565101055
30,animal,0.3883872926235199
30,bird,0.08059472590684891
30,fish,0.07087967544794083
30,illustration,0.05987846478819847
30,drawing,0.054886866360902786
30,sketch,0.049283720552921295
30,black and white,0.04117392748594284
31,animal,0.8228163719177246
31,rodent,0.1910642832517624
31,bird,0.0421785038880888
31,drawing,0.026941669963750227
31,sketch,0.026435494220131958
31,fish,0.02302332237823229
31,illustration,0.022827885268406036
31,black and white,0.0177607503588314
32,rodent,0.1468542367219925
32,animal,0.1468542367219925
32,bird,0.03306620870614356
32,drawing,0.026099936840564664
32,illustration,0.02513105715759974
32,sketch,0.021253548328241632
32,fish,0.01731502225054728
32,black and white,0.012928910359936405
33,vegetable,0.09252115339040756
33,animal,0.09252115339040756
33,illustration,0.025212810632724528
33,drawing,0.020587752836948477
33,sketch,0.019268899403300635
33,bird,0.017433768455061605
33,art,0.009931699249784562
33,fish,0.0093165242801844
33,black and white,0.009124249251809192
34,animal,0.8653144240379333
34,rodent,0.1897965669631958
34,illustration,0.04108574470005429
34,drawing,0.029789094101573804
34,bird,0.027472090532221938
34,sketch,0.022120133329382452
34,fish,0.019137081801015574
35,animal,0.3942277133464813
35,illustration,0.10302184522151947
35,drawing,0.06940511614084244
35,bird,0.06563985347747803
35,fish,0.037188734859228134
35,sketch,0.03385200724005699
36,animal,0.4349977374076843
36,bird,0.06982015818357468
36,drawing,0.06924708187580109
36,illustration,0.06709417700767517
36,sketch,0.03839920088648796
36,fish,0.034670840948820114
37,animal,0.39529457688331604
37,bird,0.08508137613534927
37,illustration,0.06337132304906845
37,drawing,0.05567021295428276
37,fish,0.0417456328868866
37,rabbit,0.03599971905350685
37,sketch,0.03352322056889534
38,mammal,0.5439648628234863
38,rodent,0.2671896815299988
38,animal,0.2671896815299988
38,illustration,0.0557344751276285
38,bird,0.047923207259870926
38,drawing,0.04563584527109515
38,sketch,0.031043486809998275
38,fish,0.02476527957641981
39,animal,0.8508301973342896
39,mammal,0.6481728553771973
39,rodent,0.17802584171295166
39,illustration,0.032699447202912756
39,drawing,0.021364862186749514
39,bird,0.021068280518316638
39,sketch,0.014712197372970217
40,animal,0.4535219073295593
40,illustration,0.06492991745471954
40,drawing,0.05856426805257797
40,bird,0.05540662258863449
40,sketch,0.04805975779891014
40,rabbit,0.033286336809396744
41,animal,0.8905377984046936
41,rabbit,0.20306913320521347
41,bird,0.1898673703326958
41,illustration,0.18840562038986222
41,drawing,0.15792613889926044
41,sketch,0.11865731184314558
41,bunny,0.08285409235270128
42,squirrel,0.2246459275484085
42,animal,0.22464592754840848
42,rabbit,0.04382277896416683
42,drawing,0.03524077661860837
42,illustration,0.03366157272002306
42,bird,0.033306706401788636
42,sketch,0.023273768918510754
42,bunny,0.016883621896512623
43,animal,0.3914009928703308
43,rabbit,0.06972458213567734
43,drawing,0.058227408677339554
43,illustration,0.05418144166469574
43,fish,0.05215460807085037
43,bird,0.05181589722633362
43,sketch,0.04515929892659187
43,owl,0.03193533420562744
44,animal,0.35702022910118103
44,drawing,0.08675028383731842
44,bird,0.08224404603242874
44,sketch,0.08217136561870575
44,illustration,0.06874033808708191
44,owl,0.0391753613948822
45,animal,0.28330567479133606
45,rabbit,0.13967905938625336
45,drawing,0.08155780285596848
45,bird,0.0773109570145607
45,bunny,0.05775272846221924
45,illustration,0.05325491726398468
45,sketch,0.049780361354351044
45,owl,0.0302197877317667
46,animal,0.30521124601364136
46,rabbit,0.16465698182582855
46,bird,0.07935424894094467
46,bunny,0.0645103007555008
46,owl,0.05763518065214157
46,drawing,0.04738413915038109
46,illustration,0.0471930131316185
47,rabbit,0.25370970368385315
47,animal,0.22527821362018585
47,bunny,0.1100657731294632
47,owl,0.05128657817840576
47,bird,0.04995134845376015
47,illustration,0.04789218679070473
47,drawing,0.030509788542985916
48,animal,0.3401736617088318
48,rabbit,0.07833438366651535
48,drawing,0.06491251289844513
48,illustration,0.06307366490364075
48,bird,0.05901474505662918
48,sketch,0.0455799326300621
48,fish,0.039524540305137634
48,owl,0.03629830479621887
49,animal,0.2232646942138672
49,illustration,0.1204296350479126
49,rabbit,0.08220767974853516
49,drawing,0.07481668889522552
49,sketch,0.0552121065557003
49,bird,0.043150853365659714
49,art,0.039079174399375916
49,bunny,0.03678683936595917
49,ink,0.032925546169281006
49,fish,0.032793864607810974
50,animal,0.2197071760892868
50,illustration,0.14675024151802063
50,drawing,0.07865281403064728
50,sketch,0.06914454698562622
50,bird,0.06070154532790184
50,art,0.0348287932574749
50,fish,0.034659244120121
50,rabbit,0.03268054500222206
50,ink,0.03229617327451706
51,animal,0.22808177769184113
51,illustration,0.1412259191274643
51,drawing,0.0878070741891861
51,sketch,0.06839171797037125
51,bird,0.05165058374404907
51,art,0.03886042907834053
51,rabbit,0.0388307198882103
51,ink,0.032349586486816406
52,animal,0.25531333684921265
52,illustration,0.12838120758533478
52,bird,0.08479662984609604
52,drawing,0.07732566446065903
52,sketch,0.055608708411455154
52,owl,0.05531678721308708
52,rabbit,0.04287034273147583
53,animal,0.2365962266921997
53,illustration,0.13304857909679413
53,drawing,0.10941147059202194
53,sketch,0.07927043735980988
53,bird,0.039836425334215164
53,ink,0.035376179963350296
53,art,0.032435160130262375
54,lagomorph,0.25583305954933167
54,animal,0.25583305954933167
54,drawing,0.1515411040651494
54,illustration,0.15148286825661744
54,sketch,0.09769198574199738
54,ink,0.04642190520133044
54,bird,0.04187446875187241
54,art,0.04063496526325096
54,black and white,0.03997870101307387
55,animal,0.24804729223251343
55,illustration,0.11592008918523788
55,drawing,0.07660454511642456
55,sketch,0.05394111946225166
55,bird,0.04102938994765282
55,art,0.03997492417693138
55,black and white,0.039952974766492844
55,monochrome,0.03735344856977463
55,ink,0.03246308118104935
56,animal,0.2463066130876541
56,illustration,0.11856787651777267
56,drawing,0.09340126812458038
56,sketch,0.060888756066560745
56,ink,0.044151075184345245
56,black and white,0.04002389311790466
56,monochrome,0.038723625242710114
56,art,0.030134156346321106
57,animal,0.2512299120426178
57,illustration,0.13197803497314453
57,drawing,0.12593035399913788
57,sketch,0.07058517634868622
57,ink,0.05231940373778343
57,black and white,0.03110085241496563
58,animal,0.15401345491409302
58,drawing,0.148199200630188
58,illustration,0.135270357131958
58,sketch,0.08409634977579117
58,ink,0.07280799746513367
58,black and white,0.038584787398576736
58,monochrome,0.03417927026748657
58,bird,0.032914772629737854
59,animal,0.20545029640197754
59,illustration,0.13800622522830963
59,drawing,0.10355280339717865
59,sketch,0.06588773429393768
59,ink,0.04857765883207321
59,black and white,0.0442621074616909
59,monochrome,0.034601032733917236
59,bird,0.03252342343330383
59,art,0.031772080808877945
60,animal,0.15955869853496552
60,illustration,0.1409718245267868
60,drawing,0.12254878133535385
60,sketch,0.06829719245433807
60,ink,0.056268371641635895
60,black and white,0.05045519024133682
60,monochrome,0.04658019170165062
60,bird,0.034906353801488876
60,art,0.03142951801419258
61,drawing,0.16883239150047302
61,animal,0.12844543159008026
61,illustration,0.12615223228931427
61,sketch,0.09731197357177734
61,ink,0.06436315923929214
61,black and white,0.03957328200340271
61,owl,0.03683573380112648
61,monochrome,0.03515416383743286
61,bird,0.03303111717104912
61,art,0.031188050284981728
62,drawing,0.12895773351192474
62,illustration,0.12757693231105804
62,animal,0.12051011621952057
62,sketch,0.08988691121339798
62,ink,0.0698772668838501
62,black and white,0.04173457622528076
62,monochrome,0.03994089737534523
62,art,0.03767784312367439
62,owl,0.03312094882130623
62,bird,0.03165949508547783
63,illustration,0.14972354471683502
63,drawing,0.13257916271686554
63,sketch,0.09156318753957748
63,animal,0.08102013170719147
63,ink,0.07669230550527573
63,monochrome,0.04948379099369049
63,black and white,0.04903053119778633
63,art,0.04356933385133743
64,illustration,0.1142146959900856
64,ink,0.0893799215555191
64,animal,0.08923087269067764
64,drawing,0.07990887761116028
64,black and white,0.06722947210073471
64,sketch,0.06584499776363373
64,monochrome,0.06355004757642746
64,art,0.061547551304101944
65,illustration,0.11057921499013901
65,animal,0.10310458391904831
65,black and white,0.09495477378368378
65,monochrome,0.07755210250616074
65,ink,0.0699840858578682
65,drawing,0.06162001192569733
65,art,0.05540280044078827
65,sketch,0.04893706738948822
66,animal,0.09935154765844345
66,ink,0.09241093695163727
66,illustration,0.09192091971635818
66,black and white,0.09047830104827881
66,drawing,0.08146367967128754
66,monochrome,0.07620969414710999
66,sketch,0.05422450229525566
66,art,0.051105666905641556
67,illustration,0.13063791394233704
67,animal,0.09436536580324173
67,ink,0.08071743696928024
67,drawing,0.07229319214820862
67,art,0.06279318034648895
67,black and white,0.06265595555305481
67,sketch,0.057422082871198654
67,monochrome,0.048329852521419525
67,bird,0.030288472771644592
68,ink,0.11508532613515854
68,illustration,0.08437200635671616
68,black and white,0.0794467031955719
68,drawing,0.07197543978691101
68,art,0.06772598624229431
68,monochrome,0.06486187130212784
68,animal,0.06393476575613022
68,sketch,0.06098353862762451
69,animal,0.11297719180583954
69,ink,0.0783979669213295
69,black and white,0.07710644602775574
69,illustration,0.0737607553601265
69,drawing,0.07111818343400955
69,art,0.06747366487979889
69,sketch,0.061149053275585175
69,monochrome,0.059092115610837936
69,bird,0.03055710904300213
70,illustration,0.09102724492549896
70,animal,0.08323786407709122
70,drawing,0.08006899803876877
70,art,0.07700351625680923
70,black and white,0.07651028782129288
70,ink,0.07475674897432327
70,sketch,0.06852786988019943
70,monochrome,0.0630464181303978
70,bird,0.033324193209409714
71,illustration,0.08803115040063858
71,sketch,0.08781708031892776
71,drawing,0.0854947417974472
71,animal,0.08500312268733978
71,ink,0.07187867164611816
71,black and white,0.06914067268371582
71,art,0.06843625009059906
71,monochrome,0.05890774354338646
71,bird,0.03233982250094414
72,drawing,0.09339472651481628
72,illustration,0.0858784094452858
72,art,0.08254444599151611
72,sketch,0.07906436920166016
72,ink,0.06739877164363861
72,black and white,0.06422997266054153
72,animal,0.062181320041418076
72,monochrome,0.05668064206838608
73,drawing,0.1299239695072174
73,animal,0.10199172794818878
73,sketch,0.0873180478811264
73,black and white,0.07536321878433228
73,ink,0.06839471310377121
73,illustration,0.06267356872558594
73,art,0.06055789813399315
73,monochrome,0.05604574456810951
74,illustration,0.08797498792409897
74,art,0.0817655622959137
74,black and white,0.07648956030607224
74,animal,0.06527124345302582
74,drawing,0.06514251977205276
74,ink,0.06193261966109276
74,sketch,0.06024002656340599
74,monochrome,0.05861906707286835
75,animal,0.09666050225496292
75,illustration,0.09256436675786972
75,drawing,0.08785290271043777
75,art,0.0756051242351532
75,sketch,0.06426854431629181
75,monochrome,0.06086895987391472
75,ink,0.058320239186286926
75,black and white,0.05712887644767761
76,drawing,0.11592868715524673
76,illustration,0.09335781633853912
76,animal,0.07377412170171738
76,art,0.0734134390950203
76,sketch,0.06860030442476273
76,ink,0.06161719188094139
76,black and white,0.06031889468431473
76,monochrome,0.05054946616292
77,illustration,0.08599409461021423
77,black and white,0.08001699298620224
77,art,0.07454819232225418
77,drawing,0.06749316304922104
77,animal,0.06174106150865555
77,monochrome,0.05619893968105316
77,ink,0.04814203083515167
77,sketch,0.04361331835389137
77,snail,0.042447976768016815
77,owl,0.031990453600883484
78,animal,0.8521144390106201
78,branchiopod crustacean,0.5105674862861633
78,illustration,0.5105674862861633
78,art,0.45490959969684014
78,drawing,0.4545361758324694
78,black and white,0.39069250174810166
78,sketch,0.36495749113866505
78,monochrome,0.34717478489807
78,snail,0.2642546984328254
78,ink,0.2503653316070842
78,artisan,0.16817840121458202
79,animal,0.8512382507324219
79,illustration,0.8512382507324219
79,drawing,0.8274422692283699
79,art,0.5857229545343304
79,black and white,0.5511428180509258
79,sketch,0.5158119297818653
79,monochrome,0.4479644593707935
79,ink,0.3759661406896143
79,snail,0.35031833629865194
79,owl,0.2851745110933628
80,illustration,0.118001289665699
80,drawing,0.09835692495107651
80,animal,0.06243925914168358
80,art,0.06155388429760933
80,black and white,0.05718296021223068
80,sketch,0.0536341592669487
80,monochrome,0.04514081031084061
80,ink,0.041885968297719955
80,snail,0.03314435854554176
80,artisan,0.033095117658376694
81,branchiopod crustacean,0.5061118602752686
81,illustration,0.5061118602752686
81,animal,0.49237582353614356
81,black and white,0.3557465850266843
81,drawing,0.3506115356922593
81,art,0.2664690528290328
81,monochrome,0.25034649729867603
81,sketch,0.18034052622203264
81,snail,0.1589053050365284
81,bird,0.1545795981183273
81,ink,0.15349122461309414
82,branchiopod crustacean,0.5836136937141418
82,animal,0.5836136937141418
82,drawing,0.5560347136764547
82,illustration,0.5000031136263074
82,sketch,0.26067859290129847
82,black and white,0.25692708961031585
82,monochrome,0.20903945960091772
82,art,0.19449699891868164
82,bird,0.1830960605104693
82,ink,0.1555956558383324
83,animal,0.9020135402679443
83,drawing,0.9020135402679443
83,illustration,0.8998646762559326
83,sketch,0.406705493971918
83,black and white,0.34145955490660307
83,monochrome,0.3048408206731034
83,ink,0.2967042507134835
83,bird,0.27808664736958766
83,art,0.2419646620220979
84,animal,0.8851318359375
84,branchiopod crustacean,0.7481805086135864
84,drawing,0.7481805086135864
84,illustration,0.581258290746967
84,sketch,0.3241755554809444
84,black and white,0.24324032143100016
84,art,0.23735268377794813
84,monochrome,0.23012099925404805
84,owl,0.177678450833754
84,ink,0.16819610764105017
84,bird,0.164761792523544
85,branchiopod crustacean,0.6369975209236145
85,drawing,0.6369975209236145
85,illustration,0.571656328128116
85,animal,0.47653796401931864
85,sketch,0.32881102197049383
85,black and white,0.2932476440232474
85,monochrome,0.2559474203966735
85,art,0.18622897639439565
85,ink,0.1772808067332629
85,bird,0.15361173823764704
86,animal,0.8662654757499695
86,branchiopod crustacean,0.5772000551223755
86,illustration,0.5542219827995248
86,drawing,0.423583337184314
86,black and white,0.26185084461630426
86,sketch,0.22616913209031286
86,monochrome,0.21258196633106793
86,owl,0.1967688109632486
86,ink,0.166044109833285
86,bird,0.16121258027163013
86,art,0.14982720947929645
87,illustration,0.11330480128526688
87,animal,0.10321814566850662
87,drawing,0.08258837461471558
87,black and white,0.07950387895107269
87,sketch,0.05872483178973198
87,art,0.05553050339221954
87,monochrome,0.052031680941581726
87,ink,0.04601673781871796
87,bird,0.03193376585841179
88,animal,0.1518152505159378
88,illustration,0.10896918177604675
88,drawing,0.09262269735336304
88,bird,0.06727778911590576
88,sketch,0.06571648269891739
88,black and white,0.05208193510770798
88,monochrome,0.040055956691503525
88,art,0.03651103377342224
88,ink,0.0356689989566803
89,animal,0.8220248818397522
89,illustration,0.5618750168327648
89,drawing,0.3472208171947559
89,sketch,0.3239038286731076
89,black and white,0.2897673925966049
89,bird,0.23077320876599006
89,art,0.216061543725878
89,monochrome,0.1884691307558851
89,fish,0.18122460815748734
89,ink,0.1793342896757014
90,animal,0.8688366413116455
90,illustration,0.5003832865389201
90,drawing,0.4403847710283212
90,sketch,0.3333830997819139
90,black and white,0.2787077246949156
90,bird,0.2656466508693066
90,monochrome,0.2075886270669327
90,art,0.17560902972152898
90,ink,0.1643657486259923
91,animal,0.16735318303108215
91,illustration,0.09393636882305145
91,drawing,0.08060121536254883
91,sketch,0.07445072382688522
91,bird,0.060033902525901794
91,black and white,0.05191924795508385
91,monochrome,0.04284181818366051
91,ink,0.03357415273785591
91,art,0.030286569148302078
92,animal,0.1902124136686325
92,illustration,0.11414980888366699
92,bird,0.09440682083368301
92,drawing,0.06349323689937592
92,sketch,0.06339208036661148
92,black and white,0.04448787495493889
92,ink,0.035099659115076065
92,monochrome,0.034487176686525345
92,art,0.03235216066241264
93,animal,0.8778253793716431
93,branchiopod crustacean,0.5499559044837952
93,illustration,0.5499559044837952
93,drawing,0.40309219755590286
93,bird,0.37111017327500095
93,sketch,0.32410567758093156
93,art,0.17874131879156388
93,ink,0.17459961013585748
93,black and white,0.1744202101797371
94,animal,0.8036904335021973
94,branchiopod crustacean,0.6376084685325623
94,illustration,0.5739891326246921
94,bird,0.48544089450905586
94,drawing,0.36383856240586043
94,sketch,0.2858362909965803
94,black and white,0.19640630329592654
94,ink,0.15105381134637835
94,monochrome,0.1492683484768453
95,animal,0.8515065312385559
95,illustration,0.5066334856566638
95,bird,0.42493083134144577
95,drawing,0.3848361836351911
95,sketch,0.3653764917912429
95,black and white,0.2531861886055316
95,snail,0.2335429692446074
95,ink,0.2005495667848051
95,art,0.20019488987931186
95,artisan,0.19710545339213306
95,fish,0.18146070923186822
95,monochrome,0.17544753969414167
96,branchiopod crustacean,0.5724650621414185
96,animal,0.5724650621414185
96,illustration,0.3617416113407863
96,sketch,0.2727502895179682
96,drawing,0.27101513341449807
96,bird,0.18517389391307154
96,black and white,0.18209156474005891
96,artisan,0.15863583007424645
96,ink,0.14945597423901616
96,art,0.1438409202457734
96,monochrome,0.11952532179497055
96,snail,0.11017197601858207
97,animal,0.15672872960567474
97,illustration,0.12465747445821762
97,drawing,0.08797916769981384
97,sketch,0.08006767183542252
97,bird,0.06897560507059097
97,black and white,0.04519016295671463
97,ink,0.04357357695698738
97,monochrome,0.03324641287326813
97,art,0.02994268387556076
98,animal,0.8534934520721436
98,illustration,0.5663995676367842
98,bird,0.41397641109159633
98,drawing,0.4019938436681084
98,sketch,0.3997806259857465
98,ink,0.20143953299881898
98,black and white,0.19648757892922367
98,fish,0.15161550042400546
99,animal,0.8362907767295837
99,branchiopod crustacean,0.5272063612937927
99,illustration,0.28247649885244097
99,drawing,0.2767976939728428
99,sketch,0.21401590922341804
99,bird,0.16510038027687968
99,ink,0.13704856952188615
99,black and white,0.127827398727778
99,monochrome,0.09201654601595946
100,animal,0.9008246660232544
100,branchiopod crustacean,0.7120919227600098
100,bird,0.2903869256079114
100,drawing,0.22998304788498417
100,illustration,0.22326102979990986
100,sketch,0.17397039513908105
100,fish,0.10597643899539322
100,black and white,0.09719325530560381
100,ink,0.09503708111318016
101,animal,0.27145251631736755
101,bird,0.13353939354419708
101,illustration,0.07595737278461456
101,drawing,0.05813189223408699
101,sketch,0.04595423862338066
101,black and white,0.04220031201839447
101,fish,0.03535810858011246
102,animal,0.16221651434898376
102,bird,0.14874698221683502
102,illustration,0.10074346512556076
102,drawing,0.05775200203061104
102,sketch,0.05121850594878197
102,black and white,0.05042126029729843
102,artisan,0.042521364986896515
102,monochrome,0.03348580747842789
102,ink,0.03213031217455864
102,art,0.030894676223397255
103,animal,0.1497124880552292
103,bird,0.14537808299064636
103,illustration,0.08262564986944199
103,artisan,0.07390843331813812
103,black and white,0.043373264372348785
103,drawing,0.04175253212451935
103,sketch,0.041290901601314545
103,art,0.039302293211221695
103,monochrome,0.034872639924287796
103,ink,0.030869266018271446
104,animal,0.8137086033821106
104,bird,0.3695905877496426
104,illustration,0.30931526336421367
104,drawing,0.22988463631841466
104,sketch,0.21844497769613144
104,art,0.17934587552150805
104,ink,0.1741395744078003
104,artisan,0.16344958224654285
104,black and white,0.14890403192312288
105,illustration,0.12850934267044067
105,animal,0.10845065116882324
105,bird,0.07686775922775269
105,artisan,0.0671333521604538
105,sketch,0.06244228780269623
105,drawing,0.0621352344751358
105,ink,0.055324651300907135
105,art,0.052945688366889954
105,black and white,0.040756940841674805
105,monochrome,0.03650509938597679
106,animal,0.14115001261234283
106,illustration,0.09761467576026917
106,bird,0.09482311457395554
106,drawing,0.06854047626256943
106,black and white,0.052271850407123566
106,artisan,0.04939088225364685
106,sketch,0.049177590757608414
106,monochrome,0.04726535826921463
106,art,0.039387986063957214
106,ink,0.036721449345350266
107,animal,0.8230775594711304
107,bird,0.6256880293439463
107,illustration,0.4159872178278208
107,artisan,0.39875400259711813
107,drawing,0.2561708412667066
107,sketch,0.24045273797308073
107,art,0.2356702036000326
107,monochrome,0.22136864894187727
107,black and white,0.21627964736463004
107,ink,0.18883791942464148
108,animal,0.1919575184583664
108,bird,0.13703234493732452
108,artisan,0.0700179785490036
108,illustration,0.06251460313796997
108,art,0.05461650341749191
108,sketch,0.04263658449053764
108,black and white,0.03963840752840042
108,drawing,0.037466879934072495
108,ink,0.03469077870249748
109,animal,0.17593544721603394
109,bird,0.10684242099523544
109,illustration,0.07333003729581833
109,artisan,0.058323632925748825
109,art,0.05625933036208153
109,drawing,0.050110284239053726
109,sketch,0.049722131341695786
109,black and white,0.047372303903102875
109,ink,0.04632561281323433
109,monochrome,0.03033924102783203
110,animal,0.2221410572528839
110,bird,0.11768840998411179
110,illustration,0.07122591137886047
110,artisan,0.05166759341955185
110,black and white,0.04668757691979408
110,art,0.0452815406024456
110,drawing,0.04267182946205139
110,ink,0.03618652746081352
110,sketch,0.03468731790781021
110,monochrome,0.03454325720667839
111,animal,0.17126290500164032
111,bird,0.140356183052063
111,illustration,0.09050441533327103
111,artisan,0.05747091397643089
111,drawing,0.04943777620792389
111,black and white,0.048860643059015274
111,art,0.04750994220376015
111,sketch,0.03980047255754471
111,ink,0.0385853610932827
111,monochrome,0.035846758633852005
112,animal,0.15736499428749084
112,bird,0.1121111661195755
112,illustration,0.0783107802271843
112,drawing,0.06775093823671341
112,sketch,0.05409675091505051
112,artisan,0.05371939763426781
112,black and white,0.04999887943267822
112,art,0.046462249010801315
112,ink,0.04081447422504425
112,monochrome,0.03600950911641121
113,animal,0.1539456695318222
113,bird,0.14018021523952484
113,illustration,0.07548170536756516
113,black and white,0.06860318034887314
113,drawing,0.05794357880949974
113,art,0.04735522344708443
113,monochrome,0.04538840800523758
113,sketch,0.041702136397361755
114,animal,0.11012157797813416
114,artisan,0.10625838488340378
114,illustration,0.08399783819913864
114,art,0.06890568137168884
114,black and white,0.0684329941868782
114,bird,0.05691996589303017
114,monochrome,0.0499488040804863
114,ink,0.046799615025520325
114,drawing,0.04558911174535751
114,sketch,0.042814962565898895
115,bird,0.1670745313167572
115,animal,0.14579060673713684
115,illustration,0.07906626909971237
115,black and white,0.06528789550065994
115,drawing,0.05965276435017586
115,sketch,0.054143019020557404
115,art,0.048624105751514435
115,ink,0.04515671730041504
115,monochrome,0.034365054219961166
116,animal,0.15123867988586426
116,bird,0.12657354772090912
116,illustration,0.08104006201028824
116,black and white,0.07936740666627884
116,drawing,0.06370577961206436
116,monochrome,0.04603172466158867
116,sketch,0.044542860239744186
116,art,0.04335106909275055
116,ink,0.032894063740968704
117,animal,0.1216488778591156
117,bird,0.10690471529960632
117,black and white,0.09909611940383911
117,drawing,0.07231493294239044
117,sketch,0.06444963067770004
117,illustration,0.06429946422576904
117,monochrome,0.05501938983798027
117,art,0.047683656215667725
117,ink,0.047455284744501114
117,artisan,0.03134402260184288
118,black and white,0.12042970210313797
118,animal,0.09642887860536575
118,bird,0.06930854916572571
118,monochrome,0.06907035410404205
118,art,0.06833548843860626
118,illustration,0.06501728296279907
118,drawing,0.05357905849814415
118,artisan,0.05321389436721802
118,sketch,0.0485958568751812
118,ink,0.03724559396505356
119,bird,0.14498627185821533
119,animal,0.1337200403213501
119,black and white,0.08873701095581055
119,illustration,0.07442783564329147
119,drawing,0.06559395045042038
119,art,0.054297879338264465
119,sketch,0.04804262891411781
119,monochrome,0.03926948085427284
119,ink,0.03765131160616875
120,animal,0.14704574644565582
120,bird,0.10423614829778671
120,illustration,0.0810721218585968
120,black and white,0.07374706119298935
120,art,0.07233384251594543
120,drawing,0.07076625525951385
120,sketch,0.053146038204431534
120,ink,0.037727322429418564
120,monochrome,0.03457951918244362
121,animal,0.152151420712471
121,bird,0.1488448530435562
121,illustration,0.0742579847574234
121,black and white,0.07342064380645752
121,drawing,0.07136207073926926
121,art,0.060030173510313034
121,sketch,0.041599489748477936
121,ink,0.034806571900844574
121,monochrome,0.03137136995792389
122,animal,0.9265926480293274
122,bird,0.5902748305941149
122,black and white,0.36760212017696464
122,art,0.26737171089589856
122,illustration,0.25481297155790755
122,drawing,0.22404453815990077
122,monochrome,0.15262533779353804
122,fish,0.13862743786796852
123,animal,0.19864234328269958
123,bird,0.1139492467045784
123,black and white,0.07633305341005325
123,illustration,0.0756712257862091
123,drawing,0.06969989836215973
123,art,0.06485997885465622
123,sketch,0.04589902237057686
123,ink,0.03488784283399582
123,monochrome,0.033439189195632935
124,animal,0.85685133934021
124,black and white,0.5350780335739515
124,art,0.4829023462562721
124,illustration,0.39717765400412586
124,drawing,0.34070520245888936
124,ink,0.3116787290842863
124,monochrome,0.2792652708600953
124,artisan,0.24840334107560993
124,sketch,0.24300941161658424
124,bird,0.20204968432673026
125,animal,0.19185344874858856
125,black and white,0.09599321335554123
125,illustration,0.08735106885433197
125,drawing,0.07905265688896179
125,art,0.05923096835613251
125,sketch,0.05705826357007027
125,bird,0.052560724318027496
125,monochrome,0.04288486763834953
125,ink,0.03326103836297989
126,animal,0.8628401756286621
126,black and white,0.2644127153735739
126,bird,0.22442726719263395
126,illustration,0.2200948584279401
126,art,0.21714346588347413
126,drawing,0.17810485414974866
126,sketch,0.14158243725117156
126,ink,0.11331468140574613
126,monochrome,0.10656070995502408
127,animal,0.9124128818511963
127,black and white,0.4681400846143375
127,illustration,0.46383650743064136
127,art,0.38599299364052814
127,drawing,0.2808831203125791
127,sketch,0.2640759769528631
127,bird,0.2437458944746793
127,ink,0.23107659081949738
127,monochrome,0.20967310374217082
128,animal,0.9729530811309814
128,illustration,0.5894559645220431
128,black and white,0.4863107065111122
128,art,0.4648780623590252
128,sketch,0.3814079684996843
128,drawing,0.37582117863870135
128,ink,0.3457079876523623
128,bird,0.20861876770161644
128,monochrome,0.20704542839119763
129,animal,0.9748618006706238
129,illustration,0.42396919791173293
129,black and white,0.37995291080447563
129,art,0.3516930263581746
129,drawing,0.2917771220942012
129,bird,0.28953824721253235
129,sketch,0.2702115359469204
129,ink,0.24393191865265348
129,monochrome,0.1479438676026865
130,animal,0.8675514459609985
130,illustration,0.7431637072678353
130,art,0.6803296596320213
130,black and white,0.5959950163223106
130,ink,0.49807606682178984
130,sketch,0.41072526128261444
130,drawing,0.3907773645079095
130,monochrome,0.27795169691804333
130,bird,0.2697776930516454
131,animal,0.9603175520896912
131,illustration,0.47162733875112717
131,art,0.46862475236566553
131,ink,0.4341177557994135
131,black and white,0.3955787016837794
131,sketch,0.37682611884197115
131,drawing,0.3632492944408009
131,monochrome,0.19698976339198027
131,bird,0.18553223688835244
132,animal,0.9169508218765259
132,illustration,0.4440830235870726
132,black and white,0.4440656253582943
132,art,0.4211202984802763
132,ink,0.2917807876473638
132,bird,0.26532585139746584
132,sketch,0.24965045620098675
132,drawing,0.20778212051810274
132,monochrome,0.17226924999837756
133,animal,0.93034827709198
133,art,0.38118693694491657
133,black and white,0.31703686146250687
133,ink,0.2823023997098192
133,illustration,0.28030562443200246
133,drawing,0.18388644310821037
133,sketch,0.1831117306150656
133,bird,0.15258800534830408
133,monochrome,0.1382045656625356
134,animal,0.8452642560005188
134,art,0.4114027740374867
134,black and white,0.3650323046717503
134,illustration,0.3029218234394747
134,ink,0.2798271168530383
134,sketch,0.23294922641389867
134,drawing,0.2141288071532964
134,monochrome,0.20139360413041887
134,bird,0.15551319085773088
135,animal,0.9110633730888367
135,art,0.9110633730888367
135,black and white,0.6657185540588276
135,ink,0.6397861963887648
135,artisan,0.5497578466218638
135,illustration,0.525672369306615
135,monochrome,0.3872122775819181
135,drawing,0.291001246269302
135,tool,0.2683350864275518
135,sketch,0.2614168974476045
136,animal,0.9159637093544006
136,reptile,0.8522445559501648
136,art,0.8522445559501648
136,illustration,0.6879278528472315
136,artisan,0.6381635241052491
136,black and white,0.5585932192263453
136,ink,0.5402492160733143
136,sketch,0.2855815992179152
136,monochrome,0.258898896019558
136,design,0.25362248722687264
137,animal,0.14329557120800018
137,art,0.09794740378856659
137,illustration,0.0813717171549797
137,black and white,0.07181720435619354
137,ink,0.06933379918336868
137,artisan,0.051861751824617386
137,drawing,0.04658946022391319
137,sketch,0.043687306344509125
137,bird,0.040709007531404495
137,monochrome,0.03237101435661316
138,animal,0.18965718150138855
138,art,0.08536291122436523
138,black and white,0.07161981612443924
138,illustration,0.07006891071796417
138,bird,0.0606931634247303
138,ink,0.05611979588866234
138,drawing,0.03965906798839569
138,artisan,0.03623563423752785
138,sketch,0.035563621670007706
138,monochrome,0.03156955540180206
139,animal,0.11279459297657013
139,art,0.1062924787402153
139,illustration,0.1045597717165947
139,black and white,0.07509226351976395
139,ink,0.07215680927038193
139,drawing,0.05007206276059151
139,sketch,0.04031350091099739
139,monochrome,0.03254549577832222
139,bird,0.03199820592999458
139,artisan,0.03040330857038498
140,art,0.10616018623113632
140,illustration,0.09425114840269089
140,ink,0.08643101155757904
140,animal,0.07844822853803635
140,black and white,0.07634670287370682
140,artisan,0.05948984622955322
140,drawing,0.04230136424303055
140,sketch,0.040937766432762146
140,monochrome,0.03366652503609657
140,tool,0.03322955220937729
141,animal,0.9464250206947327
141,art,0.7924943189820036
141,illustration,0.7435166768814283
141,ink,0.7270457313603408
141,black and white,0.5391112211398958
141,sketch,0.459844813490955
141,drawing,0.44460285690630363
141,bird,0.25872438040062534
142,animal,0.12744030356407166
142,illustration,0.09612216055393219
142,ink,0.09424204379320145
142,art,0.08252597600221634
142,drawing,0.0745028406381607
142,sketch,0.06579267978668213
142,black and white,0.04987974464893341
142,artisan,0.03195471316576004
143,animal,0.10475928336381912
143,art,0.10135120898485184
143,ink,0.08979039639234543
143,illustration,0.08338966220617294
143,black and white,0.05826118588447571
143,sketch,0.05288264527916908
143,artisan,0.04980934411287308
143,drawing,0.04563628137111664
143,monochrome,0.033400923013687134
143,design,0.029875105246901512
144,illustration,0.12387514859437943
144,ink,0.1221703514456749
144,art,0.09332261234521866
144,animal,0.08242575079202652
144,sketch,0.06130294129252434
144,black and white,0.05416542664170265
144,drawing,0.05078514665365219
144,artisan,0.04077908396720886
145,ink,0.14037582278251648
145,animal,0.11195451766252518
145,illustration,0.08677161484956741
145,art,0.08372293412685394
145,drawing,0.07016599923372269
145,black and white,0.0584736168384552
145,sketch,0.05709778144955635
145,artisan,0.04036744311451912
146,animal,0.14870686829090118
146,ink,0.13750842213630676
146,art,0.09497926384210587
146,illustration,0.08103223145008087
146,drawing,0.05889544636011124
146,black and white,0.057943880558013916
146,sketch,0.05145552009344101
146,bird,0.03126019984483719
147,ink,0.15462936460971832
147,animal,0.1208244189620018
147,art,0.10634475201368332
147,illustration,0.07800839841365814
147,drawing,0.06993600726127625
147,sketch,0.05556415021419525
147,black and white,0.05052023008465767
147,bird,0.029959747567772865
148,ink,0.2056863158941269
148,art,0.09816662222146988
148,animal,0.08954716473817825
148,drawing,0.08616020530462265
148,illustration,0.08135808259248734
148,sketch,0.06413387507200241
148,black and white,0.039222054183483124
149,ink,0.18411025404930115
149,art,0.11909893155097961
149,illustration,0.09575473517179489
149,drawing,0.09385566413402557
149,animal,0.07878658175468445
149,sketch,0.060180697590112686
149,black and white,0.041186973452568054
150,ink,0.173883855342865
150,art,0.10866326093673706
150,animal,0.10724766552448273
150,drawing,0.09658879041671753
150,illustration,0.07988955825567245
150,sketch,0.05776260420680046
150,black and white,0.044277988374233246
151,ink,0.2286583036184311
151,art,0.10714598000049591
151,drawing,0.10426256060600281
151,illustration,0.08301175385713577
151,sketch,0.06495819985866547
151,black and white,0.042756225913763046
151,animal,0.038509439677000046
152,ink,0.20010362565517426
152,art,0.10550161451101303
152,illustration,0.09516680985689163
152,drawing,0.07922403514385223
152,sketch,0.05661541223526001
152,black and white,0.05317997932434082
152,animal,0.033974021673202515
153,branchiopod crustacean,0.5730732083320618
153,ink,0.5730732083320618
153,art,0.3514523376911622
153,drawing,0.26659657315622814
153,illustration,0.22930655918929124
153,animal,0.18131754985725834
153,black and white,0.14522234442957893
153,sketch,0.1325896280649803
153,artisan,0.10033370896520993
154,branchiopod crustacean,0.5662477612495422
154,ink,0.5662477612495422
154,art,0.2993481606347157
154,drawing,0.2289181335426587
154,illustration,0.1893323822721348
154,animal,0.12104785937041626
154,black and white,0.10506986115275875
154,sketch,0.08763740613474186
154,tool,0.07834973940127078
155,ink,0.1522374302148819
155,art,0.13658973574638367
155,black and white,0.07593798637390137
155,illustration,0.0677095502614975
155,drawing,0.06591330468654633
155,animal,0.054594408720731735
155,sketch,0.04163889214396477
156,ink,0.2036842703819275
156,art,0.11292022466659546
156,drawing,0.10845852643251419
156,illustration,0.09199323505163193
156,animal,0.0540747232735157
156,sketch,0.05147092416882515
156,black and white,0.049717485904693604
157,ink,0.18002358078956604
157,drawing,0.08524084091186523
157,illustration,0.0837378278374672
157,art,0.0832812488079071
157,sketch,0.07145467400550842
157,black and white,0.06410863250494003
157,animal,0.04394296556711197
157,artisan,0.036726683378219604
158,ink,0.20978212356567383
158,art,0.13073430955410004
158,drawing,0.10025076568126678
158,illustration,0.08152732253074646
158,sketch,0.06668594479560852
158,black and white,0.05157770961523056
158,animal,0.04256381094455719
159,ink,0.19768239557743073
159,art,0.1192646473646164
159,drawing,0.08582514524459839
159,illustration,0.07046028971672058
159,sketch,0.065096914768219
159,black and white,0.060356225818395615
159,animal,0.041560474783182144
159,tool,0.039458319544792175
159,artisan,0.03249552845954895
160,ink,0.22838231921195984
160,drawing,0.12977857887744904
160,art,0.1269940733909607
160,illustration,0.06725546717643738
160,sketch,0.058383435010910034
160,animal,0.04342815652489662
160,black and white,0.04232855141162872
161,ink,0.2582012116909027
161,art,0.12309101969003677
161,drawing,0.09349724650382996
161,sketch,0.08496499806642532
161,illustration,0.07533133774995804
161,black and white,0.04522132873535156
161,tool,0.03551687300205231
162,ink,0.2741720378398895
162,art,0.16032551229000092
162,drawing,0.08074360340833664
162,illustration,0.07763349264860153
162,sketch,0.051870688796043396
162,tool,0.044999513775110245
162,black and white,0.040921714156866074
163,animal,0.806044340133667
163,ink,0.806044340133667
163,art,0.46429367999515275
163,drawing,0.3386962982356136
163,sketch,0.3134245613764266
163,illustration,0.25585894426855577
163,black and white,0.1404493853252144
164,crocodilian reptile,0.6500777006149292
164,ink,0.6500777006149292
164,art,0.43629004016094425
164,sketch,0.3143144759155464
164,drawing,0.29248057929458726
164,illustration,0.25588798813141506
164,black and white,0.11170925484854034
165,animal,0.8529254794120789
165,ink,0.8529254794120789
165,art,0.6356976595370855
165,sketch,0.4640297046122849
165,illustration,0.44375374798363865
165,drawing,0.31522749795770844
165,black and white,0.18697588259868736
166,ink,0.1974918246269226
166,art,0.1302548199892044
166,sketch,0.12975196540355682
166,drawing,0.1211514100432396
166,illustration,0.11846859753131866
166,black and white,0.04137423634529114
166,animal,0.031780682504177094
167,ink,0.29085925221443176
167,drawing,0.1223074421286583
167,sketch,0.11236799508333206
167,art,0.11195351183414459
167,illustration,0.08924256265163422
167,black and white,0.042499203234910965
168,ink,0.25905975699424744
168,drawing,0.1469442993402481
168,sketch,0.12571102380752563
168,art,0.10348519682884216
168,illustration,0.09054391831159592
168,black and white,0.03827046975493431
169,animal,0.8257910013198853
169,ink,0.8257910013198853
169,drawing,0.38381831294414015
169,sketch,0.320656734968357
169,art,0.269605766951596
169,illustration,0.21221237512696017
169,black and white,0.10175508265279304
170,ink,0.18350344896316528
170,sketch,0.17418384552001953
170,drawing,0.1370270550251007
170,art,0.11399923264980316
170,illustration,0.09446895122528076
170,black and white,0.045488350093364716
171,drawing,0.20205779373645782
171,sketch,0.17923656105995178
171,ink,0.1621662676334381
171,art,0.08200696110725403
171,illustration,0.08171537518501282
171,animal,0.047575145959854126
171,black and white,0.038655273616313934
172,ink,0.22733688354492188
172,drawing,0.16546587646007538
172,sketch,0.11980199813842773
172,art,0.08688998967409134
172,illustration,0.07082325965166092
172,black and white,0.04909851402044296
172,animal,0.03699275106191635
173,animal,0.932827889919281
173,ink,0.932827889919281
173,drawing,0.6712291658629984
173,sketch,0.5407362532759435
173,illustration,0.36036228238802165
173,art,0.3504158278892413
173,black and white,0.20959274138522166
174,animal,0.8832288384437561
174,ink,0.8832288384437561
174,drawing,0.7151445659243764
174,sketch,0.6185802750445187
174,art,0.4160630396704306
174,illustration,0.354694034924812
174,black and white,0.2289528678609046
175,animal,0.9035943150520325
175,ink,0.9035943150520326
175,sketch,0.48496122149717036
175,drawing,0.4409755601179841
175,illustration,0.2823820928102147
175,art,0.25364787406370914
175,black and white,0.17495036634717417
176,ink,0.22937296330928802
176,sketch,0.12090956419706345
176,drawing,0.10631196945905685
176,illustration,0.07921605557203293
176,art,0.07209361344575882
176,black and white,0.046829648315906525
176,animal,0.039824582636356354
176,tool,0.03105664812028408
177,ink,0.22259657084941864
177,drawing,0.12222309410572052
177,sketch,0.1063474640250206
177,illustration,0.0838119313120842
177,art,0.07119046151638031
177,animal,0.059244874864816666
177,black and white,0.049635715782642365
178,ink,0.20307523012161255
178,drawing,0.09583944082260132
178,sketch,0.087269626557827
178,art,0.07459314912557602
178,black and white,0.05408157780766487
178,illustration,0.052403464913368225
178,tool,0.05212489143013954
178,animal,0.04410121962428093
178,artisan,0.03699079155921936
179,ink,0.14481492340564728
179,sketch,0.12244108319282532
179,drawing,0.10197421163320541
179,animal,0.08711675554513931
179,art,0.08112333714962006
179,illustration,0.07493993639945984
179,black and white,0.05296526476740837
180,ink,0.152667835354805
180,sketch,0.10032052546739578
180,animal,0.09069506824016571
180,drawing,0.08287481218576431
180,art,0.07455558329820633
180,illustration,0.07141734659671783
180,black and white,0.058876823633909225
180,artisan,0.037347517907619476
181,ink,0.1540769338607788
181,sketch,0.11747764050960541
181,animal,0.1118699312210083
181,drawing,0.10145039856433868
181,illustration,0.0761454775929451
181,art,0.07539002597332001
181,black and white,0.046522077172994614
181,bird,0.03404773771762848
182,ink,0.13669753074645996
182,animal,0.12335433065891266
182,sketch,0.11785715818405151
182,drawing,0.108907051384449
182,illustration,0.07628808915615082
182,art,0.06788096576929092
182,black and white,0.04782872647047043
183,animal,0.8480908274650574
183,ink,0.8480908274650574
183,sketch,0.6139012780691099
183,drawing,0.5467357733145465
183,art,0.4709261371447791
183,black and white,0.3965705459435388
183,illustration,0.3878442274100063
183,artisan,0.21270805214371175
184,ink,0.13668744266033173
184,sketch,0.10375037789344788
184,animal,0.09611863642930984
184,drawing,0.07840695977210999
184,illustration,0.07549972087144852
184,art,0.07425800710916519
184,black and white,0.05256258696317673
184,artisan,0.03007628582417965
185,ink,0.12862055003643036
185,sketch,0.11223599314689636
185,illustration,0.09812409430742264
185,animal,0.09426508843898773
185,drawing,0.09372000396251678
185,art,0.06947013735771179
185,black and white,0.04538296163082123
185,fish,0.036639414727687836
186,ink,0.11780057102441788
186,animal,0.10358307510614395
186,sketch,0.08756884187459946
186,art,0.07286249101161957
186,illustration,0.07110943645238876
186,black and white,0.06157859414815903
186,drawing,0.059406962245702744
186,artisan,0.04247745871543884
186,fish,0.03209025412797928
187,ink,0.09782238304615021
187,animal,0.08929495513439178
187,sketch,0.07675135135650635
187,illustration,0.07157281786203384
187,art,0.06980057805776596
187,black and white,0.06536684930324554
187,artisan,0.05946919694542885
187,drawing,0.047223400324583054
187,fish,0.045109640806913376
187,tool,0.03156346455216408
188,sketch,0.13047565519809723
188,ink,0.12805138528347015
188,illustration,0.09313271939754486
188,animal,0.08076492697000504
188,art,0.06496090441942215
188,drawing,0.061438027769327164
188,black and white,0.05611318722367287
188,fish,0.04316665977239609
189,ink,0.13710705935955048
189,sketch,0.1182338073849678
189,illustration,0.09084262698888779
189,black and white,0.07080811262130737
189,animal,0.0698479488492012
189,art,0.0625767931342125
189,drawing,0.052042797207832336
189,artisan,0.032773155719041824
190,ink,0.11877550184726715
190,sketch,0.11115166544914246
190,illustration,0.08556294441223145
190,black and white,0.07313911616802216
190,art,0.06428389996290207
190,animal,0.05991963669657707
190,drawing,0.046931371092796326
190,artisan,0.03302320837974548
191,animal,0.09282916784286499
191,ink,0.09260325133800507
191,sketch,0.07949654012918472
191,black and white,0.07710979133844376
191,art,0.07124542444944382
191,illustration,0.06948354095220566
191,drawing,0.05108090862631798
191,bird,0.03591321408748627
191,artisan,0.03251517191529274
191,fish,0.02996029332280159
192,ink,0.10234677791595459
192,sketch,0.08926130086183548
192,illustration,0.07486829161643982
192,art,0.070681631565094
192,artisan,0.06876468658447266
192,animal,0.06286045163869858
192,black and white,0.05299840867519379
192,drawing,0.047798775136470795
192,tool,0.047022055834531784
193,sketch,0.10505127161741257
193,ink,0.08760026842355728
193,animal,0.07060534507036209
193,artisan,0.06492142379283905
193,black and white,0.06461653858423233
193,illustration,0.06368802487850189
193,art,0.06036632880568504
193,drawing,0.05842513591051102
193,tool,0.04482850059866905
194,ink,0.09605509042739868
194,sketch,0.08439694344997406
194,artisan,0.07085969299077988
194,art,0.0689961239695549
194,black and white,0.06802815198898315
194,illustration,0.06602355092763901
194,tool,0.060793474316596985
194,animal,0.04768645763397217
194,drawing,0.04398515447974205
195,ink,0.09073690325021744
195,sketch,0.08284980803728104
195,black and white,0.0732179656624794
195,illustration,0.06759882718324661
195,art,0.06490892171859741
195,artisan,0.060177333652973175
195,drawing,0.0488046258687973
195,tool,0.04711046814918518
195,animal,0.04418247193098068
195,design,0.03619871661067009
196,sketch,0.1065833568572998
196,illustration,0.08648224920034409
196,animal,0.08109447360038757
196,ink,0.07780155539512634
196,art,0.07039584964513779
196,drawing,0.06646911799907684
196,black and white,0.05618187412619591
196,bird,0.03617149218916893
196,artisan,0.03454194962978363
197,sketch,0.08461029082536697
197,ink,0.08256985247135162
197,black and white,0.08041518926620483
197,animal,0.07042410224676132
197,illustration,0.06573300063610077
197,art,0.05792641267180443
197,artisan,0.050868112593889236
197,drawing,0.05005842447280884
197,monochrome,0.033079687505960464
197,tool,0.032546959817409515
197,design,0.030018171295523643
198,ink,0.0933481901884079
198,black and white,0.08109372854232788
198,sketch,0.07607371360063553
198,illustration,0.06610596179962158
198,animal,0.06242935359477997
198,artisan,0.062189050018787384
198,tool,0.06091459095478058
198,art,0.06074710935354233
198,drawing,0.04438762366771698
199,tool,0.36740416288375854
199,sketch,0.36740416288375854
199,illustration,0.2970388180157731
199,ink,0.28946474411279766
199,black and white,0.27558504910710196
199,art,0.2515613563037707
199,drawing,0.22421580616184353
199,animal,0.21311106331243782
199,artisan,0.1384229543789907
199,bird,0.12316924327683972
200,tool,0.31830212473869324
200,animal,0.31830212473869324
200,illustration,0.29436955720667723
200,sketch,0.28685422805538274
200,drawing,0.23813436793048676
200,art,0.19870476933239506
200,ink,0.18332829118414076
200,black and white,0.1745787566782042
200,bird,0.12025290897062924
201,animal,0.10995098948478699
201,sketch,0.09913938492536545
201,illustration,0.09468231350183487
201,drawing,0.08455130457878113
201,black and white,0.06161043047904968
201,art,0.05044635757803917
201,ink,0.0492863655090332
201,bird,0.042336393147706985
201,artisan,0.030038438737392426
202,sketch,0.11228102445602417
202,illustration,0.10491994768381119
202,animal,0.08836712688207626
202,drawing,0.07962243258953094
202,ink,0.06283893436193466
202,black and white,0.06106698140501976
202,art,0.05650557950139046
202,bird,0.04761814698576927
202,artisan,0.03312039002776146
203,sketch,0.10046552121639252
203,illustration,0.09842400997877121
203,animal,0.0798184722661972
203,black and white,0.07139694690704346
203,ink,0.06784534454345703
203,art,0.06411337852478027
203,drawing,0.05892037972807884
203,bird,0.0412689670920372
203,artisan,0.03628639876842499
204,tool,0.4093059003353119
204,illustration,0.4093059003353119
204,animal,0.3638276375826604
204,black and white,0.3552392731122662
204,sketch,0.3195448094176888
204,art,0.307678021254685
204,ink,0.26774288964139176
204,drawing,0.1990218160016825
204,artisan,0.15695784341860647
204,design,0.14910338518692223
204,bird,0.12863718418890202
205,sketch,0.10471098124980927
205,illustration,0.10340867936611176
205,ink,0.09056640416383743
205,black and white,0.08008687198162079
205,art,0.07886245846748352
205,animal,0.06310398876667023
205,drawing,0.06303343176841736
205,design,0.032651111483573914
206,illustration,0.12841522693634033
206,animal,0.09494869410991669
206,sketch,0.091234490275383
206,drawing,0.08468557894229889
206,art,0.07100356370210648
206,black and white,0.06562155485153198
206,ink,0.05703093856573105
206,bird,0.041713863611221313
206,design,0.029723607003688812
207,illustration,0.12165553122758865
207,animal,0.1073475256562233
207,drawing,0.0871184915304184
207,sketch,0.08658929914236069
207,art,0.061088524758815765
207,black and white,0.060695845633745193
207,ink,0.05729931220412254
207,bird,0.0404941625893116
207,fish,0.03831852599978447
208,animal,0.1264573186635971
208,drawing,0.12193891406059265
208,sketch,0.1147766038775444
208,illustration,0.09337351471185684
208,bird,0.06748829036951065
208,ink,0.05838463827967644
208,black and white,0.05201580375432968
208,art,0.05064869299530983
209,animal,0.13427068293094635
209,drawing,0.12840209901332855
209,illustration,0.10123169422149658
209,sketch,0.08927695453166962
209,bird,0.08899006247520447
209,art,0.04969702288508415
209,black and white,0.04806026816368103
209,ink,0.047222841531038284
210,animal,0.12484577298164368
210,drawing,0.11888647079467773
210,sketch,0.10496107488870621
210,illustration,0.08458177000284195
210,bird,0.0685170441865921
210,black and white,0.058955248445272446
210,art,0.05217131972312927
210,ink,0.050237879157066345
211,animal,0.15195555984973907
211,drawing,0.10610009729862213
211,bird,0.09842608869075775
211,illustration,0.08857177197933197
211,sketch,0.07318047434091568
211,black and white,0.061693351715803146
211,art,0.049478575587272644
211,ink,0.04946371540427208
212,tool,0.4228011965751648
212,animal,0.4228011965751648
212,drawing,0.33650774229152136
212,bird,0.3299147328541111
212,illustration,0.2195740855691469
212,sketch,0.16769662947930503
212,black and white,0.15162428082929977
212,art,0.11887332955946735
212,ink,0.0956732086843907
213,animal,0.8032853603363037
213,bird,0.8032853603363036
213,drawing,0.403486825110692
213,illustration,0.34603973999973753
213,sketch,0.2899106100795532
213,black and white,0.28700071502687335
213,art,0.16881365436444679
213,ink,0.13490495029673547
214,bird,0.19323626160621643
214,animal,0.161797896027565
214,illustration,0.08049411326646805
214,sketch,0.07194865494966507
214,drawing,0.06961137801408768
214,black and white,0.06700930744409561
214,ink,0.031929824501276016
214,art,0.030761364847421646
215,animal,0.20192749798297882
215,bird,0.19827130436897278
215,drawing,0.08353343605995178
215,illustration,0.08336105942726135
215,sketch,0.06186879426240921
215,black and white,0.051161184906959534
215,fish,0.036339618265628815
216,bird,0.18636013567447662
216,animal,0.15343724191188812
216,drawing,0.12943601608276367
216,illustration,0.09199902415275574
216,sketch,0.08636172860860825
216,black and white,0.05164365470409393
216,ink,0.030067794024944305
217,animal,0.8853336572647095
217,bird,0.8853336572647095
217,drawing,0.6031558118845576
217,illustration,0.4894828378689128
217,sketch,0.3635936053516873
217,black and white,0.24862458439567173
218,bird,0.19711323082447052
218,animal,0.14502650499343872
218,drawing,0.11468055844306946
218,illustration,0.09741736948490143
218,sketch,0.07315865159034729
218,black and white,0.04634406045079231
218,ink,0.030669057741761208
219,animal,0.8440331816673279
219,drawing,0.8440331816673278
219,bird,0.727226735350619
219,illustration,0.5090154382844814
219,sketch,0.38078038444146795
219,black and white,0.23681441951304455
219,ink,0.14606822709004735
220,bird,0.22759535908699036
220,drawing,0.142866849899292
220,animal,0.10258008539676666
220,illustration,0.08897076547145844
220,sketch,0.07751669734716415
220,black and white,0.06738750636577606
221,bird,0.24703602492809296
221,animal,0.12910149991512299
221,drawing,0.12849922478199005
221,illustration,0.07821735739707947
221,black and white,0.06412263214588165
221,sketch,0.06149546802043915
222,animal,0.8120757937431335
222,branchiopod crustacean,0.6120265126228333
222,bird,0.6120265126228333
222,drawing,0.2965921337294931
222,illustration,0.2757554330795617
222,sketch,0.19547761199429256
222,black and white,0.18636902415982495
223,animal,0.9148892760276794
223,invertebrate,0.7905548214912415
223,branchiopod crustacean,0.6738607287406921
223,bird,0.6738607287406921
223,drawing,0.28341998599070295
223,illustration,0.16651855452064548
223,sketch,0.16533034047950604
223,black and white,0.14118761684243009
223,owl,0.12129534090230429
224,branchiopod crustacean,0.5060514807701111
224,bird,0.5060514807701111
224,animal,0.411381634556509
224,drawing,0.2718485723417006
224,sketch,0.1673241053234312
224,black and white,0.14009455126761536
224,illustration,0.13051325761000074
225,animal,0.8535679578781128
225,bird,0.7332185936882113
225,drawing,0.33327812593813644
225,illustration,0.307095803695258
225,sketch,0.27353625520461544
225,black and white,0.26257026923579174
226,animal,0.9182032942771912
226,bird,0.9182032942771912
226,drawing,0.22271904497774833
226,black and white,0.1947112002044671
226,sketch,0.18179411590320088
226,illustration,0.17080956456613733
227,branchiopod crustacean,0.6766759157180786
227,bird,0.6766759157180786
227,animal,0.45167213832308967
227,black and white,0.1520027563904935
227,sketch,0.14267576240599852
227,drawing,0.13573496413393102
227,illustration,0.11724072311722801
227,owl,0.10339050822584743
227,wildlife,0.07899731639666088
228,animal,0.8651617169380188
228,branchiopod crustacean,0.5910513997077942
228,bird,0.5910513997077942
228,drawing,0.1320675339506112
228,black and white,0.13011528345439619
228,illustration,0.09508703188234593
228,sketch,0.08992174169170451
228,owl,0.07791033467541365
228,wildlife,0.06838778301477008
229,branchiopod crustacean,0.6071875691413879
229,abstract,0.5225200057029724
229,bird,0.5225200057029724
229,animal,0.4056796438675524
229,drawing,0.12278635292026907
229,black and white,0.10777103763689237
229,illustration,0.09915266115885103
229,sketch,0.0974469938751553
229,fish,0.09296887592590111
229,owl,0.06853839909891632
230,animal,0.21477296948432922
230,bird,0.15375107526779175
230,fish,0.06230366975069046
230,drawing,0.06161387637257576
230,black and white,0.05549087002873421
230,owl,0.05176665633916855
230,sketch,0.04310273006558418
230,illustration,0.042233873158693314
230,wildlife,0.031701285392045975
231,animal,0.22952766716480255
231,bird,0.15237711369991302
231,drawing,0.09371008723974228
231,black and white,0.05625943839550018
231,sketch,0.04748135432600975
231,owl,0.04605088382959366
231,fish,0.03516904264688492
231,illustration,0.03435831889510155
232,animal,0.20842809975147247
232,bird,0.12723493576049805
232,drawing,0.1238727867603302
232,sketch,0.07094729691743851
232,black and white,0.06582649797201157
232,illustration,0.03910716623067856
232,fish,0.036986008286476135
233,animal,0.1816682666540146
233,bird,0.16504275798797607
233,drawing,0.1294146329164505
233,sketch,0.0679640844464302
233,black and white,0.052874427288770676
233,illustration,0.047976020723581314
233,owl,0.031975533813238144
234,branchiopod crustacean,0.5727628469467163
234,silhouette,0.26021865010261536
234,animal,0.26021865010261536
234,bird,0.2340033355746661
234,drawing,0.23328962205854412
234,sketch,0.11012709283233336
234,owl,0.10812566267815488
234,black and white,0.09496646205998652
234,illustration,0.0596327051857535
235,animal,0.1408957540988922
235,bird,0.1375981718301773
235,drawing,0.12088298797607422
235,black and white,0.08649726957082748
235,sketch,0.061824358999729156
235,illustration,0.04832140728831291
235,owl,0.04584679380059242
236,silhouette,0.17645463347434998
236,bird,0.17645463347434998
236,animal,0.17235013100101
236,owl,0.0808609692299837
236,drawing,0.07409124465707449
236,black and white,0.07009100483047877
236,sketch,0.043113634821579136
236,illustration,0.03289686029611697
236,wildlife,0.03076353571278354
237,animal,0.183083638548851
237,bird,0.1696498990058899
237,owl,0.10049017518758774
237,drawing,0.09449122846126556
237,black and white,0.0647033154964447
237,sketch,0.045134928077459335
237,illustration,0.03552776947617531
237,wildlife,0.033735450357198715
238,silhouette,0.1724570393562317
238,animal,0.17245703935623172
238,bird,0.164391824731992
238,drawing,0.11529977868037915
238,black and white,0.08946757304228138
238,sketch,0.07135371255612721
238,owl,0.06476514240516291
238,illustration,0.039402446105555655
239,abstract,0.5101675391197205
239,silhouette,0.2446756809949875
239,bird,0.2446756809949875
239,animal,0.2110962591892865
239,drawing,0.20507426723319783
239,black and white,0.1730391828576658
239,owl,0.11918423187996936
239,sketch,0.1095709889349041
239,illustration,0.07784275672249834
240,abstract,0.653096079826355
240,silhouette,0.32958024740219116
240,animal,0.32958024740219116
240,bird,0.3044577440267624
240,black and white,0.22619318113087053
240,drawing,0.17023844962126544
240,owl,0.13832489971073897
240,sketch,0.08910704311323947
240,illustration,0.08542373746346972
240,monochrome,0.07953253272378592
240,wildlife,0.06676820534867679
241,abstract,0.5798550844192505
241,silhouette,0.27380257844924927
241,bird,0.27380257844924927
241,animal,0.2562871727846551
241,black and white,0.19355648970573736
241,drawing,0.14964290875500671
241,owl,0.13224088615341786
241,illustration,0.08917240742475571
241,sketch,0.07234263969741715
241,monochrome,0.07155985068196206
241,wildlife,0.056324601946997455
242,silhouette,0.18316061794757843
242,drawing,0.18316061794757843
242,animal,0.18242113928188042
242,black and white,0.1330329041849401
242,bird,0.11306194135897404
242,owl,0.09991327861949482
242,sketch,0.07630778978732855
242,illustration,0.07177052039028681
242,monochrome,0.04714872170961894
243,animal,0.1595781147480011
243,drawing,0.1277768611907959
243,black and white,0.11111349612474442
243,bird,0.07660958170890808
243,sketch,0.05913649499416351
243,owl,0.05693618580698967
243,illustration,0.05445623770356178
243,monochrome,0.03631832078099251
244,silhouette,0.15685823559761047
244,drawing,0.15685823559761047
244,black and white,0.14482908245542306
244,animal,0.11467263832650139
244,sketch,0.07348433018157208
244,bird,0.07319274945620106
244,illustration,0.07013388760257872
244,owl,0.057369270939590156
244,monochrome,0.04969434852480526
244,art,0.035093523406841756
245,animal,0.18500865995883942
245,drawing,0.13827349245548248
245,black and white,0.1172715276479721
245,sketch,0.07136788219213486
245,bird,0.06784825772047043
245,illustration,0.05139122158288956
245,monochrome,0.033667076379060745
245,owl,0.0317639485001564
246,drawing,0.17834167182445526
246,animal,0.12402638792991638
246,black and white,0.11160486191511154
246,sketch,0.1024930328130722
246,illustration,0.05988830700516701
246,bird,0.04772923141717911
246,art,0.036567673087120056
246,monochrome,0.031396009027957916
247,abstract,0.5278629064559937
247,silhouette,0.16407011449337006
247,animal,0.16407011449337006
247,drawing,0.10792908654044607
247,owl,0.09904904817752418
247,bird,0.0825400793450309
247,black and white,0.07318792872179995
247,sketch,0.07227395767083762
247,illustration,0.04630189148715639
248,animal,0.1891210973262787
248,drawing,0.13481825590133667
248,black and white,0.09796476364135742
248,sketch,0.09410610049962997
248,bird,0.051965221762657166
248,illustration,0.04776083305478096
248,art,0.036438215523958206
248,monochrome,0.03334059193730354
249,abstract,0.5273234844207764
249,animal,0.5273234844207764
249,black and white,0.29076500173890746
249,drawing,0.2407193256169686
249,sketch,0.1573374769435254
249,bird,0.13846384678290077
249,illustration,0.12989487206467273
249,monochrome,0.10278519354903441
249,owl,0.09476740032236777
249,art,0.07784484569063944
250,animal,0.2369968593120575
250,black and white,0.1195221021771431
250,drawing,0.11187499761581421
250,sketch,0.0630137026309967
250,illustration,0.05476287007331848
250,monochrome,0.042240895330905914
250,bird,0.03558740019798279
251,abstract,0.5259861946105957
251,animal,0.5259861946105957
251,black and white,0.3075608510875444
251,drawing,0.27962848717602423
251,sketch,0.1930792231763941
251,illustration,0.14872414808361667
251,bird,0.12437251757863572
251,owl,0.11241812429631648
251,art,0.0850691323302451
251,monochrome,0.08049568156994028
252,animal,0.19107401371002197
252,black and white,0.16872179508209229
252,drawing,0.07970689237117767
252,monochrome,0.05477474629878998
252,sketch,0.05158872902393341
252,illustration,0.048618994653224945
252,bird,0.044470950961112976
252,art,0.031460341066122055
253,abstract,0.5940619111061096
253,black and white,0.5940619111061096
253,animal,0.5202072353489836
253,drawing,0.4023531846920313
253,sketch,0.23514309614114515
253,illustration,0.22380279876877532
253,monochrome,0.19026748536409704
253,art,0.16169041610722615
253,bird,0.13706701168789337
254,abstract,0.5184392333030701
254,silhouette,0.16454462707042694
254,animal,0.16454462707042694
254,black and white,0.1468919696218463
254,drawing,0.09153423933544329
254,sketch,0.0597135275765404
254,illustration,0.05961298637178867
254,art,0.05730267943083782
254,owl,0.039640808399185094
254,monochrome,0.03711100371003596
254,bird,0.03501416646057939
255,abstract,0.6802188158035278
255,silhouette,0.15781551599502563
255,animal,0.15781551599502563
255,black and white,0.13606416915604183
255,drawing,0.07081078502887247
255,bird,0.061698677330737445
255,illustration,0.0533536064816391
255,sketch,0.048317731701857936
255,monochrome,0.038039739584751396
255,owl,0.03632204782800614
255,art,0.034980041461331685
256,black and white,0.17349174618721008
256,animal,0.11860470473766327
256,drawing,0.11016537994146347
256,sketch,0.0831233412027359
256,art,0.05625871196389198
256,illustration,0.05558000132441521
256,monochrome,0.04711456596851349
257,black and white,0.1806211918592453
257,animal,0.1488763391971588
257,drawing,0.08895426243543625
257,sketch,0.0667600929737091
257,bird,0.055981479585170746
257,illustration,0.047391943633556366
257,art,0.04495849832892418
257,monochrome,0.043770190328359604
258,black and white,0.15027187764644623
258,drawing,0.12791486084461212
258,animal,0.11268998682498932
258,sketch,0.08246934413909912
258,illustration,0.05755970999598503
258,art,0.056733403354883194
258,bird,0.04663412645459175
258,monochrome,0.03949156403541565
259,animal,0.14880314469337463
259,black and white,0.1425251066684723
259,drawing,0.10039165616035461
259,bird,0.0721513107419014
259,sketch,0.06297928094863892
259,illustration,0.060238923877477646
259,monochrome,0.03762131556868553
259,art,0.03657371178269386
259,owl,0.034415144473314285
260,black and white,0.18245188891887665
260,animal,0.1341547816991806
260,drawing,0.07567033916711807
260,bird,0.0725744217634201
260,sketch,0.059244584292173386
260,monochrome,0.04531380534172058
260,illustration,0.040660273283720016
260,art,0.03695383667945862
261,animal,0.1395072489976883
261,black and white,0.1370970606803894
261,drawing,0.09972130507230759
261,sketch,0.06445998698472977
261,bird,0.06137409061193466
261,illustration,0.059651464223861694
261,monochrome,0.03838374465703964
261,art,0.03715011477470398
261,owl,0.036962393671274185
262,animal,0.1682022660970688
262,black and white,0.15040257573127747
262,drawing,0.09222905337810516
262,sketch,0.08051575720310211
262,bird,0.07381956279277802
262,illustration,0.05042306333780289
262,monochrome,0.03591199219226837
262,art,0.031368885189294815
263,animal,0.2017267346382141
263,black and white,0.14012783765792847
263,drawing,0.08631033450365067
263,sketch,0.07791155576705933
263,illustration,0.05091071501374245
263,bird,0.04833585023880005
263,owl,0.03475867211818695
263,monochrome,0.03217019513249397
263,art,0.02993568778038025
264,branchiopod crustacean,0.5698974132537842
264,animal,0.5698974132537842
264,drawing,0.5411160182608891
264,black and white,0.42209449517817055
264,sketch,0.41629544732619395
264,bird,0.31679723755612327
264,illustration,0.2845225281110278
264,owl,0.20052748152080574
264,art,0.15742674541923055
265,abstract,0.5837551951408386
265,branchiopod crustacean,0.54197096824646
265,silhouette,0.1550828516483307
265,animal,0.1550828516483307
265,bird,0.05959928165901279
265,black and white,0.05887510266351622
265,sketch,0.04826970730820963
265,drawing,0.04812542196872166
265,illustration,0.02815294593129193
265,owl,0.026486875220512116
265,wildlife,0.020189930443528348
266,branchiopod crustacean,0.5695264339447021
266,animal,0.5695264339447021
266,bird,0.28662561917647106
266,black and white,0.27488097905055514
266,sketch,0.2394634151387114
266,drawing,0.2146845311348121
266,illustration,0.106800412732991
267,abstract,0.5276638865470886
267,silhouette,0.17773424088954926
267,animal,0.17773424088954926
267,bird,0.0855443395187353
267,black and white,0.0607831337527563
267,sketch,0.059338018869770894
267,drawing,0.058852778816378154
267,illustration,0.04807020930353468
267,owl,0.026069278616414726
267,wildlife,0.024855798088686203
268,branchiopod crustacean,0.627933144569397
268,animal,0.627933144569397
268,bird,0.2782739853507298
268,sketch,0.2013564989486433
268,black and white,0.199366977534053
268,drawing,0.16629179333161614
268,owl,0.13311135890157347
268,illustration,0.09670472632334687
268,wildlife,0.07454561526528825
269,abstract,0.5633373260498047
269,silhouette,0.22287197411060333
269,animal,0.22287197411060333
269,sketch,0.08637832129895034
269,drawing,0.08124451268304295
269,black and white,0.07832963686508378
269,bird,0.06465175803839869
269,illustration,0.028132539947795653
270,abstract,0.6506118774414062
270,silhouette,0.19998230040073395
270,animal,0.19998230040073395
270,sketch,0.09654708454211634
270,drawing,0.09521184136441911
270,bird,0.08964717699249593
270,black and white,0.05883849488497981
270,illustration,0.04003110945421934
271,branchiopod crustacean,0.7264937162399292
271,animal,0.7264937162399292
271,drawing,0.349718923464709
271,sketch,0.3448070035209649
271,bird,0.27209578813764507
271,black and white,0.2155540270541808
271,illustration,0.12291084587147279
272,abstract,0.5851349234580994
272,silhouette,0.2750050127506256
272,animal,0.2750050127506256
272,bird,0.1976220698355325
272,sketch,0.08434850432697241
272,drawing,0.08065886706335386
272,black and white,0.07510557908790211
272,owl,0.039840980842410494
273,abstract,0.5381091237068176
273,linedrawing,0.16982683539390564
273,animal,0.16982683539390564
273,bird,0.11992980137382228
273,sketch,0.09760839169712147
273,black and white,0.08571634427313043
273,drawing,0.07231054803846193
273,illustration,0.03112800196951821
273,owl,0.02618419754122826
274,abstract,0.5471963286399841
274,animal,0.5471963286399841
274,bird,0.36464033370842425
274,black and white,0.19282933520059375
274,sketch,0.18100894705932
274,drawing,0.15237117739390071
274,owl,0.09859999035612214
274,illustration,0.08313600613703044
275,abstract,0.7296435236930847
275,silhouette,0.25566545128822327
275,animal,0.25566545128822327
275,bird,0.23277205708495308
275,black and white,0.124853798496663
275,sketch,0.07043980845524808
275,drawing,0.052789693700295015
275,illustration,0.03412570966755953
276,abstract,0.7770592570304871
276,silhouette,0.28453922271728516
276,linedrawing,0.16538336873054504
276,animal,0.16538336873054504
276,bird,0.16163117559474183
276,black and white,0.059799716192758055
276,sketch,0.036829242720772655
276,drawing,0.02316873091774133
276,illustration,0.02284233835736768
277,abstract,0.6439118981361389
277,animal,0.6439118981361389
277,bird,0.34789884825811096
277,black and white,0.13743082736764442
277,sketch,0.09330089821411583
277,drawing,0.07299034959132836
278,abstract,0.5746842622756958
278,bird,0.5746842622756958
278,animal,0.5017688791919824
278,sketch,0.2279490142292593
278,drawing,0.20164947505101147
278,black and white,0.19593583588213911
278,illustration,0.17279144201816915
278,owl,0.0875492425475502
279,abstract,0.5030333995819092
279,bird,0.5030333995819092
279,animal,0.2791598655002921
279,black and white,0.11373830882501582
279,sketch,0.09633311918635107
279,owl,0.09208042553007541
279,illustration,0.056911013581873525
279,drawing,0.054751041083875414
280,bird,0.4321153163909912
280,animal,0.13752877712249756
280,black and white,0.06743001937866211
280,sketch,0.057833924889564514
280,owl,0.048386748880147934
280,illustration,0.03658265992999077
281,abstract,0.5351462364196777
281,linedrawing,0.15365704894065857
281,bird,0.15365704894065857
281,animal,0.1035822002947416
281,black and white,0.03468076868408562
281,sketch,0.016310434978075043
281,owl,0.013429591722678502
282,abstract,0.6767235994338989
282,linedrawing,0.16633199155330658
282,bird,0.16633199155330658
282,animal,0.11159633999686139
282,black and white,0.026295339469666848
282,sketch,0.01561973031530366
283,abstract,0.5545610189437866
283,bird,0.5545610189437866
283,animal,0.4297695899678547
283,black and white,0.22526575267614063
283,sketch,0.13213473983983628
283,illustration,0.08774589113108297
283,drawing,0.08489437519733767
284,bird,0.3417111039161682
284,animal,0.22140957415103912
284,black and white,0.08278483897447586
284,sketch,0.051247600466012955
284,drawing,0.03002445586025715
285,abstract,0.519051194190979
285,bird,0.519051194190979
285,animal,0.4005905093584854
285,black and white,0.07702524158853943
285,sketch,0.04393364058360743
286,linedrawing,0.16434644162654877
286,bird,0.16434644162654877
286,animal,0.12036107443451456
286,black and white,0.03379038246928116
286,sketch,0.02226876477351828
287,bird,0.3900849223136902
287,animal,0.26953554153442383
287,black and white,0.055889792740345
287,sketch,0.049503859132528305
288,bird,0.44066062569618225
288,animal,0.26387178897857666
288,black and white,0.038940731436014175
288,sketch,0.035735078155994415
289,bird,0.401373952627182
289,animal,0.22877800464630127
289,black and white,0.04856812581419945
289,sketch,0.0461546815931797
289,illustration,0.031017828732728958
290,bird,0.4061013460159302
290,animal,0.24147577583789825
290,black and white,0.04719727858901024
290,sketch,0.03569752350449562
290,illustration,0.03339582681655884
290,pelican,0.030212508514523506
291,bird,0.4950525462627411
291,animal,0.18453478813171387
291,pelican,0.03868221491575241
291,sketch,0.03763847053050995
291,black and white,0.03518759086728096
291,illustration,0.0302888210862875
292,bird,0.3930933475494385
292,animal,0.19739732146263123
292,sketch,0.06826066970825195
292,black and white,0.0455644354224205
292,illustration,0.038266636431217194
292,drawing,0.035426508635282516
293,bird,0.32313072681427
293,animal,0.18548652529716492
293,sketch,0.09546007215976715
293,illustration,0.06006242707371712
293,black and white,0.05109399929642677
293,drawing,0.048814576119184494
294,bird,0.29168638586997986
294,animal,0.20148341357707977
294,sketch,0.07207932323217392
294,illustration,0.06911364197731018
294,black and white,0.061831239610910416
294,drawing,0.03980381786823273
295,bird,0.26816651225090027
295,animal,0.16834616661071777
295,sketch,0.11632752418518066
295,illustration,0.10031837224960327
295,drawing,0.05284859240055084
295,black and white,0.0464257150888443
296,bird,0.3504330813884735
296,animal,0.12743134796619415
296,sketch,0.11056128889322281
296,illustration,0.06391964852809906
296,drawing,0.04897096008062363
296,black and white,0.04689064621925354
297,bird,0.34761056303977966
297,animal,0.15236826241016388
297,illustration,0.08174724131822586
297,sketch,0.07476943731307983
297,black and white,0.04719306528568268
297,drawing,0.033973097801208496
298,bird,0.3821796774864197
298,animal,0.22385698556900024
298,sketch,0.0566096305847168
298,black and white,0.04689506068825722
298,illustration,0.0384819358587265
298,wildlife,0.03039289452135563
299,bird,0.3227674663066864
299,animal,0.22073429822921753
299,sketch,0.0644790381193161
299,black and white,0.062492311000823975
299,illustration,0.050341762602329254
300,bird,0.3273530900478363
300,animal,0.236283078789711
300,sketch,0.07039200514554977
300,illustration,0.05466863512992859
300,black and white,0.046570226550102234
301,bird,0.3496379256248474
301,animal,0.2022102177143097
301,sketch,0.0893496423959732
301,illustration,0.06762969493865967
301,black and white,0.03756832703948021
302,linedrawing,0.18801145255565643
302,bird,0.18801145255565643
302,animal,0.11817341535477441
302,sketch,0.050975266391113515
302,illustration,0.04171397282004227
302,black and white,0.033147435814515895
302,wildlife,0.01803750997918902
303,bird,0.2296786904335022
303,animal,0.21115289628505707
303,sketch,0.08829376846551895
303,illustration,0.07305451482534409
303,black and white,0.07228676974773407
304,bird,0.20043550431728363
304,animal,0.1642005741596222
304,illustration,0.11367791146039963
304,sketch,0.10678572952747345
304,black and white,0.06490008533000946
304,art,0.03715290129184723
304,ink,0.03506821021437645
304,drawing,0.03348246216773987
305,bird,0.27631068229675293
305,animal,0.18903154134750366
305,illustration,0.08915501087903976
305,sketch,0.06996656209230423
305,black and white,0.06233016029000282
305,wildlife,0.03306373208761215
306,bird,0.23192885518074036
306,sketch,0.13224540650844574
306,animal,0.1147758886218071
306,illustration,0.11295615881681442
306,black and white,0.05120207369327545
306,ink,0.04028843715786934
306,drawing,0.03992709144949913
306,art,0.03850531950592995
307,bird,0.21221786737442017
307,animal,0.13674740493297577
307,sketch,0.13321936130523682
307,illustration,0.09428694099187851
307,black and white,0.05167089402675629
307,drawing,0.03952740132808685
307,ink,0.039036840200424194
307,art,0.0374758318066597
308,bird,0.28754401206970215
308,animal,0.17453837394714355
308,illustration,0.09366675466299057
308,sketch,0.09353303909301758
308,black and white,0.046064991503953934
308,owl,0.030115634202957153
309,bird,0.24010637402534485
309,animal,0.1867353767156601
309,sketch,0.0984729453921318
309,illustration,0.08270495384931564
309,black and white,0.06126862019300461
309,ink,0.03280961886048317
309,art,0.030631551519036293
310,bird,0.16847631335258484
310,animal,0.13524959981441498
310,sketch,0.12902814149856567
310,illustration,0.11443290114402771
310,black and white,0.06961435824632645
310,ink,0.045503899455070496
310,drawing,0.04349803924560547
310,art,0.04022776708006859
311,bird,0.2229590117931366
311,animal,0.158625066280365
311,sketch,0.12111739814281464
311,illustration,0.1056927815079689
311,black and white,0.05411191284656525
311,drawing,0.03292756527662277
311,ink,0.031246867030858994
311,art,0.03098159469664097
312,bird,0.16686613857746124
312,sketch,0.15350322425365448
312,illustration,0.1243516132235527
312,animal,0.10669761151075363
312,black and white,0.05941738188266754
312,art,0.044218625873327255
312,drawing,0.041529614478349686
312,ink,0.03544950112700462
313,sketch,0.1804225742816925
313,bird,0.14922946691513062
313,illustration,0.11491424590349197
313,animal,0.103095144033432
313,drawing,0.06177769973874092
313,ink,0.04554033651947975
313,art,0.04276568442583084
313,black and white,0.0405927337706089
314,sketch,0.1634208858013153
314,illustration,0.13379773497581482
314,bird,0.1288812905550003
314,animal,0.10459963232278824
314,ink,0.06206059083342552
314,drawing,0.05517283454537392
314,art,0.04033609852194786
314,black and white,0.03874307870864868
315,sketch,0.16945619881153107
315,animal,0.12655387818813324
315,bird,0.12243851274251938
315,illustration,0.09742908924818039
315,black and white,0.053172823041677475
315,drawing,0.048921093344688416
315,art,0.04820716753602028
315,ink,0.04554879665374756
316,sketch,0.1733945906162262
316,bird,0.16796493530273438
316,animal,0.11573813110589981
316,illustration,0.10292579233646393
316,ink,0.0523880235850811
316,drawing,0.0496881902217865
316,art,0.04405321180820465
316,black and white,0.03790069743990898
317,bird,0.24350890517234802
317,animal,0.12923672795295715
317,sketch,0.10712333023548126
317,illustration,0.09107710421085358
317,art,0.0473841093480587
317,ink,0.04522501304745674
317,black and white,0.036937497556209564
317,drawing,0.029809921979904175
318,bird,0.25684139132499695
318,animal,0.13377316296100616
318,sketch,0.1176932156085968
318,illustration,0.07226258516311646
318,ink,0.04351938143372536
318,drawing,0.040588825941085815
318,black and white,0.03913363441824913
318,art,0.03259078040719032
319,bird,0.17643865942955017
319,sketch,0.12318789213895798
319,animal,0.10330644249916077
319,illustration,0.0819295346736908
319,ink,0.05329690873622894
319,black and white,0.04901515319943428
319,art,0.04850679636001587
319,drawing,0.0430382564663887
320,animal,0.8286064863204956
320,bird,0.5212305188179016
320,sketch,0.3371018827059829
320,illustration,0.2094375136453726
320,black and white,0.1473388531495036
320,ink,0.13248281674872278
320,drawing,0.10230978125129053
320,art,0.08100651608434159
321,bird,0.20659248530864716
321,sketch,0.1263960301876068
321,animal,0.10993547737598419
321,illustration,0.07366148382425308
321,ink,0.05503128468990326
321,black and white,0.053512293845415115
321,art,0.04235190153121948
321,drawing,0.04219149425625801
322,animal,0.8000167608261108
322,bird,0.8000167608261108
322,sketch,0.33713954487725145
322,illustration,0.2003287070958022
322,black and white,0.15997573094063855
322,ink,0.1470398933909051
322,drawing,0.12353115464304848
322,art,0.10436458825789977
323,bird,0.325570672750473
323,animal,0.11961323767900467
323,sketch,0.0880638062953949
323,illustration,0.055889494717121124
323,black and white,0.05135026574134827
323,ink,0.04418032243847847
323,drawing,0.031982988119125366
324,bird,0.31045711040496826
324,animal,0.13901646435260773
324,sketch,0.10323537141084671
324,illustration,0.04700666666030884
324,owl,0.04306947439908981
324,ink,0.04194241762161255
324,black and white,0.040261611342430115
324,drawing,0.03844842687249184
325,animal,0.8836719989776611
325,bird,0.5465004444122314
325,sketch,0.28402543358584886
325,black and white,0.1749422661684929
325,ink,0.13955169891819516
325,illustration,0.13417280107353766
325,drawing,0.1230319839130426
325,art,0.07979432529823498
326,animal,0.9188897609710693
326,bird,0.5019000768661499
326,sketch,0.10411364714874091
326,black and white,0.09156385152711517
326,illustration,0.054862052371003396
326,art,0.04733917008506222
327,animal,0.959324836730957
327,bird,0.9593248367309571
327,sketch,0.19789709668295125
327,black and white,0.1817544350569193
327,owl,0.12832417194423898
327,ink,0.08808873805466708
328,animal,0.9578942060470581
328,aquatic bird,0.7680878043174744
328,bird,0.6423430442810059
328,sketch,0.3401906181776697
328,black and white,0.19293717659610976
328,ink,0.15840971629626147
328,illustration,0.14385331310265018
328,drawing,0.14140079775747805
328,art,0.0875914281016001
329,animal,0.9302510023117065
329,aquatic bird,0.7433038949966431
329,bird,0.6068114638328552
329,sketch,0.2950207750247303
329,black and white,0.26818740474382186
329,ink,0.19538681768167468
329,drawing,0.13345218794448543
329,illustration,0.10969084067007286
329,art,0.10222165924259445
330,animal,0.8552592992782593
330,aquatic bird,0.590292751789093
330,bird,0.590292751789093
330,sketch,0.3782275261427903
330,black and white,0.322688114378822
330,ink,0.2512934690867341
330,illustration,0.17981841111113978
330,art,0.16945364380170855
330,drawing,0.16754860630381138
330,owl,0.12292137973721631
331,animal,0.9452975988388062
331,aquatic bird,0.6563754677772522
331,bird,0.542719841003418
331,sketch,0.3762764667521356
331,black and white,0.2550431791281371
331,ink,0.2012757016202276
331,drawing,0.18332322092678885
331,owl,0.18119815767169375
331,illustration,0.17123883603139956
331,art,0.10405880000878284
332,animal,0.9523879289627075
332,bird,0.7853311896324158
332,aquatic bird,0.7811513543128967
332,sketch,0.7180748659304892
332,drawing,0.44964396703615017
332,black and white,0.4051891176468637
332,ink,0.3880341924889261
332,illustration,0.3803533000642301
332,art,0.2449577394824168
332,owl,0.227552716749027
333,animal,0.17546208202838898
333,bird,0.1290651112794876
333,sketch,0.11713144928216934
333,drawing,0.09202024340629578
333,black and white,0.08883094787597656
333,ink,0.06499537825584412
333,illustration,0.06319201737642288
333,art,0.035822831094264984
334,animal,0.9010968804359436
334,bird,0.6313838958740234
334,aquatic bird,0.5283341407775879
334,sketch,0.50928983283738
334,drawing,0.43716225887517435
334,black and white,0.3049501422692093
334,ink,0.27171760102178916
334,illustration,0.25231276793939406
334,owl,0.2481727716928064
334,art,0.16964487973194756
335,bird,0.5051536560058594
335,animal,0.5051536560058594
335,black and white,0.2625608397568642
335,sketch,0.22067455376412703
335,drawing,0.17922398649258825
335,ink,0.16060279906675917
335,illustration,0.13395327159110407
335,art,0.11318822799671142
335,owl,0.10821693251590676
336,animal,0.8906155228614807
336,bird,0.5454064011573792
336,owl,0.34893092421457433
336,sketch,0.232700723722771
336,drawing,0.2170507224486481
336,black and white,0.21291717133502133
336,illustration,0.18236326918048523
336,art,0.15732290523855103
336,ink,0.14359455155213294
337,animal,0.8679305911064148
337,bird,0.5537808537483215
337,aquatic bird,0.5098797082901001
337,owl,0.3785344449590024
337,sketch,0.14535188266317622
337,black and white,0.1414239770487883
337,drawing,0.13965628869776897
337,illustration,0.12935140513852408
337,art,0.09228516325281713
337,ink,0.08193184697301129
338,animal,0.28048771619796753
338,bird,0.16516579687595367
338,black and white,0.06467831134796143
338,owl,0.062310125678777695
338,illustration,0.05603001266717911
338,sketch,0.047446414828300476
338,drawing,0.03650437295436859
338,art,0.03384813666343689
338,ink,0.032906822860240936
339,bird,0.5945253968238831
339,aquatic bird,0.5732039213180542
339,animal,0.5732039213180542
339,black and white,0.2584874618497034
339,illustration,0.25574802380929296
339,sketch,0.22481502679846327
339,drawing,0.17964510239072395
339,art,0.16542517903837775
339,ink,0.1631655202024693
339,owl,0.11781862692144655
340,animal,0.8370851874351501
340,bird,0.6337860226631165
340,aquatic bird,0.6273639798164368
340,illustration,0.2996326032797171
340,sketch,0.2530219757616329
340,drawing,0.23989475030482524
340,black and white,0.2245379622765422
340,owl,0.21620394014148267
340,art,0.18302292360186054
340,ink,0.16820950971796397
341,animal,0.8258671760559082
341,bird,0.5606483221054077
341,illustration,0.27475372707866513
341,black and white,0.258433356890402
341,art,0.23103883889193944
341,sketch,0.23058056698573748
341,ink,0.17786240183318042
341,drawing,0.17141112031698647
342,animal,0.8965187072753906
342,bird,0.5972667336463928
342,aquatic bird,0.571449875831604
342,black and white,0.1531580114726093
342,illustration,0.13566045482070022
342,ink,0.11883086957889973
342,sketch,0.11143746386046814
342,art,0.10961890563857583
342,drawing,0.10753806015399794
343,bird,0.6186565160751343
343,aquatic bird,0.5820080041885376
343,animal,0.5820080041885376
343,sketch,0.3879768410175837
343,illustration,0.3626367634533534
343,drawing,0.28262898516809354
343,art,0.2640209589865829
343,ink,0.2459357505408406
343,black and white,0.24017129232973022
344,animal,0.23415879905223846
344,bird,0.1292993575334549
344,illustration,0.09645675867795944
344,sketch,0.07492663711309433
344,drawing,0.05807389318943024
344,ink,0.05035918578505516
344,owl,0.050245728343725204
344,art,0.048542872071266174
344,black and white,0.0477009043097496
345,animal,0.20600120723247528
345,sketch,0.09647709876298904
345,illustration,0.08499884605407715
345,bird,0.0825088769197464
345,drawing,0.07613552361726761
345,black and white,0.06337642669677734
345,art,0.05847080051898956
345,ink,0.05549859255552292
345,owl,0.03330685570836067
346,bird,0.5905270576477051
346,animal,0.5905270576477051
346,sketch,0.37326783015403214
346,drawing,0.26266479707525114
346,illustration,0.2312909978297861
346,art,0.14835991604339419
346,black and white,0.14446943071623372
346,ink,0.14104287628615636
346,owl,0.09417926674000617
347,animal,0.18417903780937195
347,sketch,0.17118197679519653
347,drawing,0.11476732045412064
347,illustration,0.08175116777420044
347,bird,0.061437785625457764
347,ink,0.05766099691390991
347,art,0.05389506369829178
347,black and white,0.04032287001609802
347,owl,0.03657966107130051
348,animal,0.18082807958126068
348,sketch,0.16382496058940887
348,drawing,0.11510739475488663
348,illustration,0.09123790264129639
348,bird,0.07329430431127548
348,ink,0.05160859227180481
348,art,0.04893394187092781
348,owl,0.04355538263916969
348,black and white,0.04286699369549751
349,animal,0.8515543341636658
349,bird,0.4562748061139995
349,owl,0.3819651575278716
349,sketch,0.3628135743378999
349,drawing,0.22184904839913455
349,illustration,0.19446142064974406
349,black and white,0.13174933005363548
349,ink,0.1223130936164119
350,animal,0.2383575290441513
350,sketch,0.15130753815174103
350,bird,0.08715925365686417
350,drawing,0.07871494442224503
350,illustration,0.0745735839009285
350,owl,0.07312875986099243
350,black and white,0.038968950510025024
350,ink,0.03500794619321823
350,art,0.03495963662862778
351,animal,0.2806098163127899
351,sketch,0.11650530993938446
351,bird,0.09905685484409332
351,drawing,0.06514783203601837
351,owl,0.06307501345872879
351,black and white,0.05721582844853401
351,illustration,0.04953114315867424
351,ink,0.03819553554058075
351,art,0.030479246750473976
352,sketch,0.18080024421215057
352,animal,0.17294679582118988
352,drawing,0.10126375406980515
352,owl,0.09309471398591995
352,bird,0.07173578441143036
352,illustration,0.06880418211221695
352,ink,0.05913347378373146
352,black and white,0.03776631876826286
352,art,0.035273052752017975
353,sketch,0.1888265609741211
353,animal,0.1652345508337021
353,drawing,0.1266968697309494
353,ink,0.0848848894238472
353,illustration,0.0693134069442749
353,black and white,0.04605390131473541
353,art,0.045748963952064514
353,bird,0.03939642012119293
354,sketch,0.2124679982662201
354,animal,0.13573424518108368
354,drawing,0.13166609406471252
354,illustration,0.08870585262775421
354,ink,0.08225321769714355
354,art,0.0726836621761322
354,black and white,0.03953879699110985
355,animal,0.23699544370174408
355,sketch,0.1704322099685669
355,drawing,0.10375140607357025
355,illustration,0.06582556664943695
355,bird,0.05669315159320831
355,ink,0.05508982017636299
355,art,0.04659499228000641
355,black and white,0.03762618452310562
356,animal,0.2178720235824585
356,sketch,0.21448011696338654
356,drawing,0.10504812002182007
356,illustration,0.08576639741659164
356,ink,0.06651981174945831
356,bird,0.04176987335085869
356,art,0.0413847453892231
356,black and white,0.03104766272008419
357,animal,0.28830504417419434
357,sketch,0.21410755813121796
357,drawing,0.0915239080786705
357,illustration,0.06759814918041229
357,bird,0.05786852911114693
357,ink,0.04084794595837593
357,black and white,0.03024199977517128
358,animal,0.21413554251194
358,sketch,0.1855616718530655
358,drawing,0.08958401530981064
358,illustration,0.08841636776924133
358,ink,0.06874489784240723
358,art,0.048010487109422684
358,bird,0.04615608975291252
358,black and white,0.03327514976263046
359,sketch,0.21825075149536133
359,animal,0.16943378746509552
359,drawing,0.13022495806217194
359,illustration,0.08810973912477493
359,ink,0.05936935171484947
359,art,0.05336908623576164
359,bird,0.04072596877813339
359,black and white,0.031139710918068886
